"","mo_yr","month","year","mean","maximum","minimum","dateR"
"1","01_1919","01","1919",13.7558333333333,14.28,12.95,1919-01-15
"2","01_1920","01","1920",11.4890322580645,12.78,10.56,1920-01-15
"3","01_1921","01","1921",11.061935483871,12.44,8.89,1921-01-15
"4","01_1922","01","1922",10.5838709677419,11.95,8.89,1922-01-15
"5","01_1923","01","1923",10.7867741935484,11.95,9.72,1923-01-15
"6","01_1924","01","1924",10.7058064516129,12.22,10,1924-01-15
"7","01_1925","01","1925",9.83903225806452,11.11,8.33,1925-01-15
"8","01_1926","01","1926",12.2761290322581,12.78,11.39,1926-01-15
"9","01_1927","01","1927",11.39,12.22,10,1927-01-15
"10","01_1928","01","1928",12.2725806451613,13.33,11.11,1928-01-15
"11","01_1929","01","1929",11.5874193548387,12.22,11.11,1929-01-15
"12","01_1930","01","1930",12.6164516129032,13.33,11.67,1930-01-15
"13","01_1931","01","1931",12.9874193548387,13.61,12.5,1931-01-15
"14","01_1932","01","1932",10.9503225806452,11.67,10,1932-01-15
"15","01_1933","01","1933",10.4858064516129,11.67,9.44,1933-01-15
"16","01_1934","01","1934",11.4709677419355,11.67,11.1,1934-01-15
"17","01_1935","01","1935",12.0606451612903,12.78,11.67,1935-01-15
"18","01_1936","01","1936",12.158064516129,13.1,11.2,1936-01-15
"19","01_1937","01","1937",11.3774193548387,13,9.6,1937-01-15
"20","01_1938","01","1938",12.8483870967742,13.5,12.1,1938-01-15
"21","01_1939","01","1939",12.0258064516129,13.2,10.8,1939-01-15
"22","01_1940","01","1940",13.6687096774194,14.07,12.74,1940-01-15
"23","01_1941","01","1941",13.858064516129,14.3,13,1941-01-15
"24","01_1942","01","1942",13.0193548387097,14,12,1942-01-15
"25","01_1943","01","1943",11.6193548387097,12.6,10,1943-01-15
"26","01_1944","01","1944",12.641935483871,13.3,11.9,1944-01-15
"27","01_1945","01","1945",12.258064516129,13,11.2,1945-01-15
"28","01_1946","01","1946",11.4483870967742,13.1,10.5,1946-01-15
"29","01_1947","01","1947",11.2354838709677,12,10.1,1947-01-15
"30","01_1948","01","1948",11.9193548387097,12.6,11.1,1948-01-15
"31","01_1949","01","1949",10.2225806451613,11.4,9.3,1949-01-15
"32","01_1950","01","1950",10.8709677419355,12,9.6,1950-01-15
"33","01_1951","01","1951",11.0064516129032,11.9,10.1,1951-01-15
"34","01_1952","01","1952",11.9451612903226,12.4,11.4,1952-01-15
"35","01_1953","01","1953",12.3193548387097,12.8,11.7,1953-01-15
"36","01_1954","01","1954",11.9032258064516,12.4,11.3,1954-01-15
"37","01_1955","01","1955",11.341935483871,12.1,10.8,1955-01-15
"38","01_1956","01","1956",11.7451612903226,12.3,10.6,1956-01-15
"39","01_1957","01","1957",11.8096774193548,12.5,10.9,1957-01-15
"40","01_1958","01","1958",13.2967741935484,13.9,12.4,1958-01-15
"41","01_1959","01","1959",13.5032258064516,14.1,12.9,1959-01-15
"42","01_1960","01","1960",12.4290322580645,13,11.4,1960-01-15
"43","01_1961","01","1961",12.3548387096774,13.6,11.2,1961-01-15
"44","01_1962","01","1962",11.2741935483871,12.4,9.4,1962-01-15
"45","01_1963","01","1963",11.6612903225806,12.5,10.4,1963-01-15
"46","01_1964","01","1964",12.1096774193548,13,11.5,1964-01-15
"47","01_1965","01","1965",11.7225806451613,12.6,10.6,1965-01-15
"48","01_1966","01","1966",12.158064516129,12.6,11.7,1966-01-15
"49","01_1967","01","1967",11.5967741935484,12.8,10.6,1967-01-15
"50","01_1968","01","1968",11.5161290322581,12.9,10.5,1968-01-15
"51","01_1969","01","1969",11.7838709677419,12.7,10.7,1969-01-15
"52","01_1970","01","1970",12.8322580645161,13.8,11.8,1970-01-15
"53","01_1971","01","1971",11.0935483870968,12.4,10,1971-01-15
"54","01_1972","01","1972",10.5645161290323,11.8,9.9,1972-01-15
"55","01_1973","01","1973",12.2806451612903,13.2,10.5,1973-01-15
"56","01_1974","01","1974",11.0129032258065,12,10.2,1974-01-15
"57","01_1975","01","1975",11.1032258064516,12.1,10,1975-01-15
"58","01_1976","01","1976",10.4129032258065,11.3,9.6,1976-01-15
"59","01_1977","01","1977",13.2741935483871,14.5,12.3,1977-01-15
"60","01_1978","01","1978",13.558064516129,14.2,12.9,1978-01-15
"61","01_1979","01","1979",11.7838709677419,12.8,10.2,1979-01-15
"62","01_1980","01","1980",12.9709677419355,14.6,11.3,1980-01-15
"63","01_1981","01","1981",13.3290322580645,14.1,12.5,1981-01-15
"64","01_1982","01","1982",11.3064516129032,12.1,10.7,1982-01-15
"65","01_1983","01","1983",13.5774193548387,14.9,12.1,1983-01-15
"66","01_1984","01","1984",12.6677419354839,13.2,12.1,1984-01-15
"67","01_1985","01","1985",11.9,12.5,11.1,1985-01-15
"68","01_1986","01","1986",13.058064516129,14.7,11.9,1986-01-15
"69","01_1987","01","1987",12.558064516129,14.1,11.1,1987-01-15
"70","01_1988","01","1988",11.5,12.3,10.9,1988-01-15
"71","01_1989","01","1989",10.8322580645161,11.5,9.9,1989-01-15
"72","01_1990","01","1990",12.3903225806452,13.2,11.5,1990-01-15
"73","01_1991","01","1991",11.6451612903226,12.7,10.1,1991-01-15
"74","01_1992","01","1992",12.1322580645161,13,11.1,1992-01-15
"75","01_1993","01","1993",12.1741935483871,13.5,10.9,1993-01-15
"76","01_1994","01","1994",12.2725806451613,14.1,10.2,1994-01-15
"77","01_1995","01","1995",12.0435483870968,13,11.3,1995-01-15
"78","01_1996","01","1996",12.0290322580645,13.2,11.1,1996-01-15
"79","01_1997","01","1997",12.1790322580645,13.7,10,1997-01-15
"80","01_1998","01","1998",13.9483870967742,14.5,13.1,1998-01-15
"81","01_1999","01","1999",10.7322580645161,12.1,9.6,1999-01-15
"82","01_2000","01","2000",11.9209677419355,12.9,11.1,2000-01-15
"83","01_2001","01","2001",12.3129032258065,13.3,10.1,2001-01-15
"84","01_2002","01","2002",11.6645161290323,13.1,10.3,2002-01-15
"85","01_2003","01","2003",13.2806451612903,13.9,12.7,2003-01-15
"86","01_2004","01","2004",11.8838709677419,12.5,11.1,2004-01-15
"87","01_2005","01","2005",12.6548387096774,13.5,10.7,2005-01-15
"88","01_2006","01","2006",11.9933333333333,13,11,2006-01-15
"89","01_2007","01","2007",10.7709677419355,12.5,9.2,2007-01-15
"90","01_2008","01","2008",10.9548387096774,12,9.7,2008-01-15
"91","01_2009","01","2009",11.1935483870968,12.3,10.3,2009-01-15
"92","01_2010","01","2010",12.4903225806452,13.2,11.2,2010-01-15
"93","01_2011","01","2011",11.4709677419355,12.2,10.3,2011-01-15
"94","01_2012","01","2012",11.2709677419355,11.7,10.3,2012-01-15
"95","01_2013","01","2013",11.1354838709677,12.4,9.3,2013-01-15
"96","01_2014","01","2014",12.358064516129,13.8,11.1,2014-01-15
"97","01_2015","01","2015",13.2129032258065,14.8,10.9,2015-01-15
"98","02_1919","02","1919",13.1817857142857,14.67,12.22,1919-02-15
"99","02_1920","02","1920",11.8068965517241,12.78,11.11,1920-02-15
"100","02_1921","02","1921",11.2439285714286,11.89,10,1921-02-15
"101","02_1922","02","1922",10.675,11.67,8.33,1922-02-15
"102","02_1923","02","1923",10.5710714285714,11.11,9.72,1923-02-15
"103","02_1924","02","1924",11.8831034482759,12.22,11.11,1924-02-15
"104","02_1925","02","1925",10.9682142857143,11.67,10,1925-02-15
"105","02_1926","02","1926",12.7421428571429,14.28,11.67,1926-02-15
"106","02_1927","02","1927",11.5296428571429,12.22,10.56,1927-02-15
"107","02_1928","02","1928",12.1231034482759,13.05,11.67,1928-02-15
"108","02_1929","02","1929",11.5432142857143,12.22,10.5,1929-02-15
"109","02_1930","02","1930",13.0842857142857,13.89,12.5,1930-02-15
"110","02_1931","02","1931",13.9264285714286,14.39,13.33,1931-02-15
"111","02_1932","02","1932",10.5975862068966,11.11,10,1932-02-15
"112","02_1933","02","1933",10.8742857142857,11.11,10.56,1933-02-15
"113","02_1934","02","1934",12.1617857142857,13.33,11.11,1934-02-15
"114","02_1935","02","1935",12.2810714285714,12.78,11.67,1935-02-15
"115","02_1936","02","1936",11.9172413793103,12.7,11.2,1936-02-15
"116","02_1937","02","1937",11.0464285714286,11.7,10.4,1937-02-15
"117","02_1938","02","1938",12.65,13.4,11.4,1938-02-15
"118","02_1939","02","1939",10.8107142857143,11.3,10,1939-02-15
"119","02_1940","02","1940",13.8703448275862,14.28,13.51,1940-02-15
"120","02_1941","02","1941",13.7357142857143,14.7,13.4,1941-02-15
"121","02_1942","02","1942",13.0428571428571,13.8,12.2,1942-02-15
"122","02_1943","02","1943",12.4714285714286,13.1,11.6,1943-02-15
"123","02_1944","02","1944",11.9965517241379,12.8,11,1944-02-15
"124","02_1945","02","1945",12.5178571428571,13.2,10.9,1945-02-15
"125","02_1946","02","1946",11.2142857142857,11.9,10.5,1946-02-15
"126","02_1947","02","1947",11.7928571428571,12.5,10.9,1947-02-15
"127","02_1948","02","1948",11.6103448275862,12.4,10.6,1948-02-15
"128","02_1949","02","1949",10.7964285714286,11.8,10.1,1949-02-15
"129","02_1950","02","1950",11.3107142857143,12.4,10,1950-02-15
"130","02_1951","02","1951",11.6214285714286,12.5,10.5,1951-02-15
"131","02_1952","02","1952",12.1586206896552,12.9,11.5,1952-02-15
"132","02_1953","02","1953",10.8178571428571,12,9.7,1953-02-15
"133","02_1954","02","1954",12.1857142857143,13.2,11.3,1954-02-15
"134","02_1955","02","1955",11.1214285714286,12,10.5,1955-02-15
"135","02_1956","02","1956",10.8,11.5,9.7,1956-02-15
"136","02_1957","02","1957",11.8107142857143,12.8,10.8,1957-02-15
"137","02_1958","02","1958",14.4428571428571,15,13.5,1958-02-15
"138","02_1959","02","1959",12.9821428571429,13.9,11.9,1959-02-15
"139","02_1960","02","1960",12.5862068965517,13.3,11.8,1960-02-15
"140","02_1961","02","1961",13.1071428571429,13.9,11.5,1961-02-15
"141","02_1962","02","1962",11.8535714285714,12.4,10.6,1962-02-15
"142","02_1963","02","1963",13.35,14,12.5,1963-02-15
"143","02_1964","02","1964",11.8965517241379,12.5,11.5,1964-02-15
"144","02_1965","02","1965",11.5642857142857,12.1,10.9,1965-02-15
"145","02_1966","02","1966",12.2464285714286,12.8,11.7,1966-02-15
"146","02_1967","02","1967",12.0821428571429,12.4,11.4,1967-02-15
"147","02_1968","02","1968",13.0275862068966,14.4,11.8,1968-02-15
"148","02_1969","02","1969",11.9178571428571,12.4,11.4,1969-02-15
"149","02_1970","02","1970",12.8535714285714,13.6,11.9,1970-02-15
"150","02_1971","02","1971",11.4214285714286,11.9,10.2,1971-02-15
"151","02_1972","02","1972",11.648275862069,12.8,10,1972-02-15
"152","02_1973","02","1973",12.8964285714286,13.7,12.3,1973-02-15
"153","02_1974","02","1974",11.0928571428571,11.7,10.2,1974-02-15
"154","02_1975","02","1975",11.7107142857143,12.8,10.7,1975-02-15
"155","02_1976","02","1976",11.7310344827586,12.5,10.5,1976-02-15
"156","02_1977","02","1977",13.2857142857143,14,12.6,1977-02-15
"157","02_1978","02","1978",13.3321428571429,13.9,12.9,1978-02-15
"158","02_1979","02","1979",11.5464285714286,12,10,1979-02-15
"159","02_1980","02","1980",13.0137931034483,14.2,11.8,1980-02-15
"160","02_1981","02","1981",13.0107142857143,14,11.7,1981-02-15
"161","02_1982","02","1982",12.2071428571429,13.5,10.4,1982-02-15
"162","02_1983","02","1983",14.3,14.7,13.9,1983-02-15
"163","02_1984","02","1984",13.1,13.5,12.4,1984-02-15
"164","02_1985","02","1985",11.9642857142857,12.6,11.2,1985-02-15
"165","02_1986","02","1986",13.2928571428571,14.5,12.3,1986-02-15
"166","02_1987","02","1987",12.7714285714286,14,11.2,1987-02-15
"167","02_1988","02","1988",11.6224137931034,13,10.4,1988-02-15
"168","02_1989","02","1989",10.9821428571429,12,9.2,1989-02-15
"169","02_1990","02","1990",11.0642857142857,12.1,9.3,1990-02-15
"170","02_1991","02","1991",12.2357142857143,13.6,10.6,1991-02-15
"171","02_1992","02","1992",13.1793103448276,14.4,12.2,1992-02-15
"172","02_1993","02","1993",13.7035714285714,14.4,13,1993-02-15
"173","02_1994","02","1994",12.3035714285714,13.2,11.1,1994-02-15
"174","02_1995","02","1995",12.4428571428571,13.1,10.5,1995-02-15
"175","02_1996","02","1996",12.6431034482759,14.1,11.8,1996-02-15
"176","02_1997","02","1997",11.8517857142857,12.9,10.1,1997-02-15
"177","02_1998","02","1998",13.6571428571429,14.7,12.6,1998-02-15
"178","02_1999","02","1999",10.8857142857143,12.1,9.6,1999-02-15
"179","02_2000","02","2000",12.848275862069,13.2,12.3,2000-02-15
"180","02_2001","02","2001",11.8392857142857,13.2,9.3,2001-02-15
"181","02_2002","02","2002",12.3607142857143,14.6,9.9,2002-02-15
"182","02_2003","02","2003",12.7035714285714,13.6,11.3,2003-02-15
"183","02_2004","02","2004",11.8379310344828,12.6,11.1,2004-02-15
"184","02_2005","02","2005",13.2107142857143,13.8,12.5,2005-02-15
"185","02_2006","02","2006",11.4821428571429,12.7,10.1,2006-02-15
"186","02_2007","02","2007",12.0892857142857,13,10.9,2007-02-15
"187","02_2008","02","2008",11.0137931034483,11.7,10.3,2008-02-15
"188","02_2009","02","2009",11.9928571428571,12.9,11.1,2009-02-15
"189","02_2010","02","2010",12.9428571428571,13.6,12.1,2010-02-15
"190","02_2011","02","2011",11.4,12.6,10,2011-02-15
"191","02_2012","02","2012",11.7241379310345,12.3,10.4,2012-02-15
"192","02_2013","02","2013",11.1214285714286,11.6,10.5,2013-02-15
"193","02_2014","02","2014",12.9,13.5,11.9,2014-02-15
"194","02_2015","02","2015",14.0178571428571,14.8,13,2015-02-15
"195","03_1919","03","1919",12.6312903225806,14.67,11.67,1919-03-15
"196","03_1920","03","1920",12.2383870967742,12.78,11.67,1920-03-15
"197","03_1921","03","1921",11.8864516129032,12.78,11.11,1921-03-15
"198","03_1922","03","1922",11.0861290322581,11.67,10,1922-03-15
"199","03_1923","03","1923",10.7683870967742,11.39,10,1923-03-15
"200","03_1924","03","1924",10.9877419354839,12.22,9.72,1924-03-15
"201","03_1925","03","1925",10.9509677419355,11.95,10,1925-03-15
"202","03_1926","03","1926",13.4051612903226,14.28,12.22,1926-03-15
"203","03_1927","03","1927",11.2109677419355,12.22,10,1927-03-15
"204","03_1928","03","1928",13.2170967741935,13.89,12.22,1928-03-15
"205","03_1929","03","1929",11.6229032258065,12.22,11.11,1929-03-15
"206","03_1930","03","1930",13.44,14.17,12.78,1930-03-15
"207","03_1931","03","1931",13.8938709677419,14.39,13.05,1931-03-15
"208","03_1932","03","1932",11.4890322580645,12.22,11.11,1932-03-15
"209","03_1933","03","1933",11.31,11.67,10.56,1933-03-15
"210","03_1934","03","1934",13.3129032258065,13.89,12.78,1934-03-15
"211","03_1935","03","1935",11.7751612903226,12.22,11.11,1935-03-15
"212","03_1936","03","1936",12.6483870967742,13.6,10.4,1936-03-15
"213","03_1937","03","1937",12.1290322580645,13.2,11.1,1937-03-15
"214","03_1938","03","1938",12.9709677419355,13.6,11.5,1938-03-15
"215","03_1939","03","1939",10.7064516129032,12.5,9.7,1939-03-15
"216","03_1940","03","1940",13.7490322580645,14.28,13.13,1940-03-15
"217","03_1941","03","1941",14.3454838709677,15,13.5,1941-03-15
"218","03_1942","03","1942",12.3387096774194,13.2,11.1,1942-03-15
"219","03_1943","03","1943",13.6096774193548,14.5,12.6,1943-03-15
"220","03_1944","03","1944",11.9032258064516,13,11.1,1944-03-15
"221","03_1945","03","1945",10.9161290322581,11.8,10.5,1945-03-15
"222","03_1946","03","1946",11.1064516129032,12,10,1946-03-15
"223","03_1947","03","1947",12.7645161290323,13.3,12.2,1947-03-15
"224","03_1948","03","1948",11.2064516129032,12.4,10.6,1948-03-15
"225","03_1949","03","1949",12.1193548387097,13.2,11.4,1949-03-15
"226","03_1950","03","1950",11.9,13.1,10.9,1950-03-15
"227","03_1951","03","1951",11.1612903225806,12,10.6,1951-03-15
"228","03_1952","03","1952",11.6,13.3,10.8,1952-03-15
"229","03_1953","03","1953",11.1290322580645,12.5,9.6,1953-03-15
"230","03_1954","03","1954",12.3645161290323,13.2,11.3,1954-03-15
"231","03_1955","03","1955",11.9161290322581,13,11,1955-03-15
"232","03_1956","03","1956",11.6129032258065,12.5,10.9,1956-03-15
"233","03_1957","03","1957",12.8032258064516,13.8,11.7,1957-03-15
"234","03_1958","03","1958",13.6709677419355,14.3,12.8,1958-03-15
"235","03_1959","03","1959",13.5322580645161,14.4,12.5,1959-03-15
"236","03_1960","03","1960",12.3290322580645,13.1,11.2,1960-03-15
"237","03_1961","03","1961",12.0096774193548,13,10.9,1961-03-15
"238","03_1962","03","1962",11.7806451612903,12.9,11.2,1962-03-15
"239","03_1963","03","1963",11.9870967741935,13.7,10.9,1963-03-15
"240","03_1964","03","1964",11.3935483870968,12.1,10.4,1964-03-15
"241","03_1965","03","1965",12.3032258064516,13.5,11.4,1965-03-15
"242","03_1966","03","1966",12.0612903225806,12.7,11.3,1966-03-15
"243","03_1967","03","1967",12.5129032258065,13.8,11.3,1967-03-15
"244","03_1968","03","1968",13.441935483871,14.6,12.6,1968-03-15
"245","03_1969","03","1969",12.341935483871,13.7,11.2,1969-03-15
"246","03_1970","03","1970",13.2129032258065,14.4,11.8,1970-03-15
"247","03_1971","03","1971",10.5838709677419,11.9,9.6,1971-03-15
"248","03_1972","03","1972",12.5483870967742,13.3,11.9,1972-03-15
"249","03_1973","03","1973",12.8935483870968,13.8,11.9,1973-03-15
"250","03_1974","03","1974",12.2441935483871,12.86,11.16,1974-03-15
"251","03_1975","03","1975",11.9032258064516,12.7,10.9,1975-03-15
"252","03_1976","03","1976",12.441935483871,13.8,11,1976-03-15
"253","03_1977","03","1977",11.5596774193548,13.4,10.6,1977-03-15
"254","03_1978","03","1978",13.958064516129,14.8,13.2,1978-03-15
"255","03_1979","03","1979",12.3483870967742,13,11.5,1979-03-15
"256","03_1980","03","1980",13.5774193548387,14.6,11.1,1980-03-15
"257","03_1981","03","1981",13.2903225806452,14.1,12.3,1981-03-15
"258","03_1982","03","1982",12.641935483871,13.2,12.1,1982-03-15
"259","03_1983","03","1983",14.4322580645161,15.5,13.5,1983-03-15
"260","03_1984","03","1984",13.0064516129032,14.2,11.7,1984-03-15
"261","03_1985","03","1985",11.9,13.3,10.4,1985-03-15
"262","03_1986","03","1986",13.5935483870968,15.2,12.1,1986-03-15
"263","03_1987","03","1987",12.9193548387097,13.6,11.7,1987-03-15
"264","03_1988","03","1988",12.4774193548387,13.2,11.3,1988-03-15
"265","03_1989","03","1989",12.3645161290323,13.9,10.8,1989-03-15
"266","03_1990","03","1990",11.7774193548387,13.1,11,1990-03-15
"267","03_1991","03","1991",11.9064516129032,12.8,10.6,1991-03-15
"268","03_1992","03","1992",14.1741935483871,15,13.4,1992-03-15
"269","03_1993","03","1993",14.9354838709677,16.9,13.6,1993-03-15
"270","03_1994","03","1994",14.0612903225806,14.9,12.9,1994-03-15
"271","03_1995","03","1995",13.141935483871,14.1,12.1,1995-03-15
"272","03_1996","03","1996",13.3696774193548,14.7,12,1996-03-15
"273","03_1997","03","1997",11.2741935483871,12.7,10,1997-03-15
"274","03_1998","03","1998",13.5006451612903,15.42,12.4,1998-03-15
"275","03_1999","03","1999",10.7903225806452,11.9,9.2,1999-03-15
"276","03_2000","03","2000",12.9629032258065,14.1,11.7,2000-03-15
"277","03_2001","03","2001",13.3903225806452,16.6,11.6,2001-03-15
"278","03_2002","03","2002",12.6838709677419,14.8,11.3,2002-03-15
"279","03_2003","03","2003",13.0290322580645,13.9,11.9,2003-03-15
"280","03_2004","03","2004",13.0870967741935,14.5,12.3,2004-03-15
"281","03_2005","03","2005",14.0774193548387,15,13.5,2005-03-15
"282","03_2006","03","2006",11.9225806451613,12.6,11.3,2006-03-15
"283","03_2007","03","2007",12.2451612903226,13.1,11,2007-03-15
"284","03_2008","03","2008",11.4806451612903,12.9,10.3,2008-03-15
"285","03_2009","03","2009",11.9032258064516,13.5,9.6,2009-03-15
"286","03_2010","03","2010",12.9290322580645,13.6,11.3,2010-03-15
"287","03_2011","03","2011",12.1516129032258,14.3,10.9,2011-03-15
"288","03_2012","03","2012",11.0483870967742,11.7,10.1,2012-03-15
"289","03_2013","03","2013",11.3258064516129,12.2,10.3,2013-03-15
"290","03_2014","03","2014",13.0451612903226,13.8,12.1,2014-03-15
"291","03_2015","03","2015",13.7064516129032,14.6,12.9,2015-03-15
"292","04_1919","04","1919",12.1633333333333,13,11.33,1919-04-15
"293","04_1920","04","1920",12.062,12.78,10.56,1920-04-15
"294","04_1921","04","1921",11.3773333333333,12.78,10.56,1921-04-15
"295","04_1922","04","1922",10.983,12.22,9.44,1922-04-15
"296","04_1923","04","1923",12.3243333333333,14.17,10.83,1923-04-15
"297","04_1924","04","1924",11.1793333333333,12.22,10,1924-04-15
"298","04_1925","04","1925",12.029,13.33,10.56,1925-04-15
"299","04_1926","04","1926",13.9826666666667,14.95,12.78,1926-04-15
"300","04_1927","04","1927",11.3896666666667,12.22,9.61,1927-04-15
"301","04_1928","04","1928",12.5266666666667,14.39,11.11,1928-04-15
"302","04_1929","04","1929",11.2723333333333,12.78,9.72,1929-04-15
"303","04_1930","04","1930",14.2576666666667,16.05,13.05,1930-04-15
"304","04_1931","04","1931",12.6356666666667,14.67,11.67,1931-04-15
"305","04_1932","04","1932",11.557,12.22,11.11,1932-04-15
"306","04_1933","04","1933",12.0753333333333,12.78,11.67,1933-04-15
"307","04_1934","04","1934",13.351,13.89,12.22,1934-04-15
"308","04_1935","04","1935",11.8166666666667,12.22,11.67,1935-04-15
"309","04_1936","04","1936",12.42,13.8,10.2,1936-04-15
"310","04_1937","04","1937",12.1933333333333,13.8,10.3,1937-04-15
"311","04_1938","04","1938",12.1866666666667,13.2,11,1938-04-15
"312","04_1939","04","1939",12.11,13.9,11.1,1939-04-15
"313","04_1940","04","1940",13.3703333333333,13.9,12.74,1940-04-15
"314","04_1941","04","1941",14.3433333333333,15.3,13.1,1941-04-15
"315","04_1942","04","1942",12.8666666666667,14.2,11.6,1942-04-15
"316","04_1943","04","1943",12.7166666666667,13.9,11.2,1943-04-15
"317","04_1944","04","1944",12.18,12.9,11.4,1944-04-15
"318","04_1945","04","1945",10.95,11.7,10.1,1945-04-15
"319","04_1946","04","1946",12.31,13.4,10.8,1946-04-15
"320","04_1947","04","1947",13.1,15.2,11.4,1947-04-15
"321","04_1948","04","1948",12.7693333333333,14,11.6,1948-04-15
"322","04_1949","04","1949",12.22,13.7,10.6,1949-04-15
"323","04_1950","04","1950",12.05,14.2,10.8,1950-04-15
"324","04_1951","04","1951",11.8433333333333,13,10.7,1951-04-15
"325","04_1952","04","1952",12.2,13,11.4,1952-04-15
"326","04_1953","04","1953",11.4233333333333,13,10.1,1953-04-15
"327","04_1954","04","1954",13.26,14.4,12,1954-04-15
"328","04_1955","04","1955",11.6633333333333,13.4,10.5,1955-04-15
"329","04_1956","04","1956",11.8633333333333,13,10,1956-04-15
"330","04_1957","04","1957",12.77,14.1,12,1957-04-15
"331","04_1958","04","1958",14.25,16.9,12.5,1958-04-15
"332","04_1959","04","1959",13.09,14.2,11.8,1959-04-15
"333","04_1960","04","1960",12.8933333333333,14.4,10.5,1960-04-15
"334","04_1961","04","1961",12.3133333333333,13.7,11.1,1961-04-15
"335","04_1962","04","1962",12.2,13.1,11.3,1962-04-15
"336","04_1963","04","1963",13.28,14.3,12.2,1963-04-15
"337","04_1964","04","1964",11.49,12.9,10.3,1964-04-15
"338","04_1965","04","1965",13.1266666666667,14.8,11.3,1965-04-15
"339","04_1966","04","1966",12.97,14.8,12,1966-04-15
"340","04_1967","04","1967",12.23,14,11.1,1967-04-15
"341","04_1968","04","1968",12.6433333333333,13.8,11.4,1968-04-15
"342","04_1969","04","1969",12.9533333333333,13.8,11.9,1969-04-15
"343","04_1970","04","1970",12.1033333333333,13.6,9.9,1970-04-15
"344","04_1971","04","1971",11.86,12.9,11.1,1971-04-15
"345","04_1972","04","1972",12.76,13.6,11.5,1972-04-15
"346","04_1973","04","1973",12.61,13.9,11.3,1973-04-15
"347","04_1974","04","1974",12.6283333333333,14,11.6,1974-04-15
"348","04_1975","04","1975",11.8233333333333,13.6,10.2,1975-04-15
"349","04_1976","04","1976",11.86,13.7,10.3,1976-04-15
"350","04_1977","04","1977",11.51,13.7,10.4,1977-04-15
"351","04_1978","04","1978",14.4533333333333,15.8,13.8,1978-04-15
"352","04_1979","04","1979",13.0633333333333,14.1,11.8,1979-04-15
"353","04_1980","04","1980",12.64,13.8,11.3,1980-04-15
"354","04_1981","04","1981",12.2633333333333,14.3,10.5,1981-04-15
"355","04_1982","04","1982",13.6033333333333,15.2,11.9,1982-04-15
"356","04_1983","04","1983",13.5066666666667,14.9,11.6,1983-04-15
"357","04_1984","04","1984",12.02,13,11.1,1984-04-15
"358","04_1985","04","1985",12.3433333333333,15.1,11.1,1985-04-15
"359","04_1986","04","1986",13.5583333333333,16.6,12.2,1986-04-15
"360","04_1987","04","1987",12.7466666666667,14.2,11.6,1987-04-15
"361","04_1988","04","1988",12.3766666666667,14.2,11.2,1988-04-15
"362","04_1989","04","1989",13.4066666666667,15.2,11.8,1989-04-15
"363","04_1990","04","1990",12.86,15,10.8,1990-04-15
"364","04_1991","04","1991",12.28,13.4,11.3,1991-04-15
"365","04_1992","04","1992",14.7266666666667,15.6,13.7,1992-04-15
"366","04_1993","04","1993",14.0916666666667,15.4,12.3,1993-04-15
"367","04_1994","04","1994",13.8633333333333,15.1,12,1994-04-15
"368","04_1995","04","1995",12.5183333333333,14.2,11.1,1995-04-15
"369","04_1996","04","1996",12.6666666666667,13.6,11.5,1996-04-15
"370","04_1997","04","1997",11.8516666666667,13,10.8,1997-04-15
"371","04_1998","04","1998",12.9483333333333,14.2,11.9,1998-04-15
"372","04_1999","04","1999",10.725,12.6,9.2,1999-04-15
"373","04_2000","04","2000",13.45,14.6,12.1,2000-04-15
"374","04_2001","04","2001",12.9633333333333,14.8,10.7,2001-04-15
"375","04_2002","04","2002",13.1333333333333,16.1,11.4,2002-04-15
"376","04_2003","04","2003",12.66,13.6,11.7,2003-04-15
"377","04_2004","04","2004",12.8233333333333,15.1,11.7,2004-04-15
"378","04_2005","04","2005",12.8758620689655,14.9,10.9,2005-04-15
"379","04_2006","04","2006",13.1566666666667,14.5,11.1,2006-04-15
"380","04_2007","04","2007",11.9133333333333,12.8,10.9,2007-04-15
"381","04_2008","04","2008",11.4566666666667,12.7,10.3,2008-04-15
"382","04_2009","04","2009",11.8366666666667,16.2,9.9,2009-04-15
"383","04_2010","04","2010",12.7766666666667,14.4,12,2010-04-15
"384","04_2011","04","2011",13.0466666666667,14.6,12,2011-04-15
"385","04_2012","04","2012",12.5666666666667,14.5,11,2012-04-15
"386","04_2013","04","2013",12.2,13.5,10.9,2013-04-15
"387","04_2014","04","2014",13.3666666666667,14.8,11.9,2014-04-15
"388","04_2015","04","2015",12.05,12.9,10.9,2015-04-15
"389","05_1919","05","1919",12.3554838709677,13,11.67,1919-05-15
"390","05_1920","05","1920",11.7738709677419,13.89,10.56,1920-05-15
"391","05_1921","05","1921",11.7458064516129,12.78,10.22,1921-05-15
"392","05_1922","05","1922",11.5596774193548,13.33,9.44,1922-05-15
"393","05_1923","05","1923",11.7603225806452,13.05,10.56,1923-05-15
"394","05_1924","05","1924",11.9412903225806,13.33,10.83,1924-05-15
"395","05_1925","05","1925",12.2758064516129,13.89,10,1925-05-15
"396","05_1926","05","1926",12.9790322580645,14.95,11.67,1926-05-15
"397","05_1927","05","1927",11.5787096774194,12.78,10.56,1927-05-15
"398","05_1928","05","1928",11.9822580645161,13.33,10,1928-05-15
"399","05_1929","05","1929",12.1248387096774,13.05,11.11,1929-05-15
"400","05_1930","05","1930",13.2551612903226,14.95,11.39,1930-05-15
"401","05_1931","05","1931",14.8325806451613,16.05,13.89,1931-05-15
"402","05_1932","05","1932",13.1535483870968,13.89,11.67,1932-05-15
"403","05_1933","05","1933",11.5958064516129,12.22,11.11,1933-05-15
"404","05_1934","05","1934",12.9909677419355,13.89,11.67,1934-05-15
"405","05_1935","05","1935",12.6687096774194,13.33,12.22,1935-05-15
"406","05_1936","05","1936",13.8290322580645,15.1,12.3,1936-05-15
"407","05_1937","05","1937",11.8935483870968,13.7,10.5,1937-05-15
"408","05_1938","05","1938",12.8032258064516,14.6,10.9,1938-05-15
"409","05_1939","05","1939",12.9774193548387,14.4,11.4,1939-05-15
"410","05_1940","05","1940",12.8164516129032,14.28,11.97,1940-05-15
"411","05_1941","05","1941",15.1741935483871,17,13.5,1941-05-15
"412","05_1942","05","1942",13.0709677419355,14.9,11,1942-05-15
"413","05_1943","05","1943",12.0774193548387,13.7,10.8,1943-05-15
"414","05_1944","05","1944",12.7612903225806,14,11.9,1944-05-15
"415","05_1945","05","1945",12.9483870967742,15,10.9,1945-05-15
"416","05_1946","05","1946",13.0193548387097,14.8,11,1946-05-15
"417","05_1947","05","1947",13.4677419354839,14.8,11.5,1947-05-15
"418","05_1948","05","1948",13.3193548387097,14.8,11.7,1948-05-15
"419","05_1949","05","1949",13.4193548387097,14.9,12,1949-05-15
"420","05_1950","05","1950",11.941935483871,14,10.7,1950-05-15
"421","05_1951","05","1951",12.7161290322581,14.2,11.6,1951-05-15
"422","05_1952","05","1952",12.4806451612903,13.8,11.4,1952-05-15
"423","05_1953","05","1953",12.7774193548387,13.8,11.7,1953-05-15
"424","05_1954","05","1954",13.1774193548387,14.4,11.5,1954-05-15
"425","05_1955","05","1955",12.3838709677419,13.7,10.8,1955-05-15
"426","05_1956","05","1956",13.2903225806452,15,11.9,1956-05-15
"427","05_1957","05","1957",14.4903225806452,15.7,13,1957-05-15
"428","05_1958","05","1958",14.0032258064516,16.8,11.9,1958-05-15
"429","05_1959","05","1959",13.0322580645161,14.3,12.3,1959-05-15
"430","05_1960","05","1960",12.1903225806452,13.4,10.7,1960-05-15
"431","05_1961","05","1961",12.4290322580645,13.9,11.2,1961-05-15
"432","05_1962","05","1962",12.4935483870968,13.9,11.2,1962-05-15
"433","05_1963","05","1963",12.9225806451613,14.4,11.5,1963-05-15
"434","05_1964","05","1964",12.058064516129,13.4,11.1,1964-05-15
"435","05_1965","05","1965",12.358064516129,13.2,11.4,1965-05-15
"436","05_1966","05","1966",13.1483870967742,14.6,12.3,1966-05-15
"437","05_1967","05","1967",13.4225806451613,16.2,11.1,1967-05-15
"438","05_1968","05","1968",12.6354838709677,14.5,11,1968-05-15
"439","05_1969","05","1969",12.9483870967742,15.1,11.4,1969-05-15
"440","05_1970","05","1970",12.4516129032258,15.5,11.2,1970-05-15
"441","05_1971","05","1971",11.7645161290323,13.3,10.6,1971-05-15
"442","05_1972","05","1972",12.4935483870968,14.3,11.2,1972-05-15
"443","05_1973","05","1973",12.2935483870968,13.4,11.4,1973-05-15
"444","05_1974","05","1974",12.3258064516129,13.9,11,1974-05-15
"445","05_1975","05","1975",12.1741935483871,14.2,10.8,1975-05-15
"446","05_1976","05","1976",12.2225806451613,13.7,10.7,1976-05-15
"447","05_1977","05","1977",12.441935483871,14.3,10.8,1977-05-15
"448","05_1978","05","1978",12.9677419354839,14.2,11.1,1978-05-15
"449","05_1979","05","1979",13.4290322580645,15.3,12.1,1979-05-15
"450","05_1980","05","1980",12.4290322580645,14.1,11,1980-05-15
"451","05_1981","05","1981",12.2451612903226,14.7,10.4,1981-05-15
"452","05_1982","05","1982",12.6709677419355,14.7,10.9,1982-05-15
"453","05_1983","05","1983",14.0354838709677,15.1,13.1,1983-05-15
"454","05_1984","05","1984",12.1451612903226,13.4,10.7,1984-05-15
"455","05_1985","05","1985",12.1935483870968,14.3,9.7,1985-05-15
"456","05_1986","05","1986",12.3,14,11.2,1986-05-15
"457","05_1987","05","1987",13.3064516129032,14.4,11.4,1987-05-15
"458","05_1988","05","1988",13.2451612903226,14.6,11.5,1988-05-15
"459","05_1989","05","1989",13.2838709677419,15.1,11.7,1989-05-15
"460","05_1990","05","1990",12.6774193548387,13.8,11.3,1990-05-15
"461","05_1991","05","1991",11.4838709677419,13.5,10.1,1991-05-15
"462","05_1992","05","1992",14.6032258064516,16,13.1,1992-05-15
"463","05_1993","05","1993",14.0935483870968,16.9,11.3,1993-05-15
"464","05_1994","05","1994",13.6596774193548,15.6,12.4,1994-05-15
"465","05_1995","05","1995",12.4870967741935,13.5,11.1,1995-05-15
"466","05_1996","05","1996",12.9741935483871,14.1,12.1,1996-05-15
"467","05_1997","05","1997",13.6193548387097,16.7,11.2,1997-05-15
"468","05_1998","05","1998",13.8225806451613,15.6,12.4,1998-05-15
"469","05_1999","05","1999",10.8725806451613,12.1,9.8,1999-05-15
"470","05_2000","05","2000",13.9129032258065,17.5,12.2,2000-05-15
"471","05_2001","05","2001",13.3741935483871,17.4,10.7,2001-05-15
"472","05_2002","05","2002",12.7161290322581,14.1,10.8,2002-05-15
"473","05_2003","05","2003",13.4935483870968,14.3,11.9,2003-05-15
"474","05_2004","05","2004",13.6612903225806,14.9,12.8,2004-05-15
"475","05_2005","05","2005",14.7225806451613,16.4,13.1,2005-05-15
"476","05_2006","05","2006",14.0258064516129,15.6,12.2,2006-05-15
"477","05_2007","05","2007",12.5096774193548,14.5,11.4,2007-05-15
"478","05_2008","05","2008",11.9258064516129,14,10.7,2008-05-15
"479","05_2009","05","2009",12.9064516129032,14.8,11.6,2009-05-15
"480","05_2010","05","2010",12.6645161290323,14.4,11.3,2010-05-15
"481","05_2011","05","2011",12.641935483871,14,11.3,2011-05-15
"482","05_2012","05","2012",12.6612903225806,13.4,11.4,2012-05-15
"483","05_2013","05","2013",12.9516129032258,13.9,11.1,2013-05-15
"484","05_2014","05","2014",13.441935483871,15.9,12,2014-05-15
"485","05_2015","05","2015",13.1870967741935,14.6,11.8,2015-05-15
"486","06_1919","06","1919",12.653,13.89,11.67,1919-06-15
"487","06_1920","06","1920",12.89,15,11.76,1920-06-15
"488","06_1921","06","1921",13.5173333333333,16.67,10.56,1921-06-15
"489","06_1922","06","1922",13.2133333333333,14.44,10.56,1922-06-15
"490","06_1923","06","1923",12.1526666666667,13.33,11.11,1923-06-15
"491","06_1924","06","1924",12.903,14.44,11.67,1924-06-15
"492","06_1925","06","1925",12.0096666666667,13.89,10,1925-06-15
"493","06_1926","06","1926",12.158,13.33,11.11,1926-06-15
"494","06_1927","06","1927",12.2823333333333,14.44,11.11,1927-06-15
"495","06_1928","06","1928",12.307,13.33,11.11,1928-06-15
"496","06_1929","06","1929",13.2186666666667,16.89,10.83,1929-06-15
"497","06_1930","06","1930",13.339,16.05,11.11,1930-06-15
"498","06_1931","06","1931",15.3976666666667,17.17,12.78,1931-06-15
"499","06_1932","06","1932",13.2936666666667,13.89,12.78,1932-06-15
"500","06_1933","06","1933",12.7963333333333,13.33,12.22,1933-06-15
"501","06_1934","06","1934",13.147,13.89,12.78,1934-06-15
"502","06_1935","06","1935",13.0916666666667,13.33,12.78,1935-06-15
"503","06_1936","06","1936",15.1866666666667,17.7,11,1936-06-15
"504","06_1937","06","1937",14.2733333333333,15.8,12,1937-06-15
"505","06_1938","06","1938",13.14,14.7,12,1938-06-15
"506","06_1939","06","1939",12.7066666666667,14.4,10.2,1939-06-15
"507","06_1940","06","1940",13.1016666666667,14.67,11.97,1940-06-15
"508","06_1941","06","1941",14.1633333333333,16,11.7,1941-06-15
"509","06_1942","06","1942",12.6633333333333,14.4,11.6,1942-06-15
"510","06_1943","06","1943",13.5666666666667,14.9,12.2,1943-06-15
"511","06_1944","06","1944",13.5433333333333,15.2,12.3,1944-06-15
"512","06_1945","06","1945",13.4733333333333,15.1,11.6,1945-06-15
"513","06_1946","06","1946",14.1133333333333,15.9,12.5,1946-06-15
"514","06_1947","06","1947",14.5466666666667,17,11.9,1947-06-15
"515","06_1948","06","1948",14.1466666666667,15.6,12.8,1948-06-15
"516","06_1949","06","1949",14.31,15.9,13,1949-06-15
"517","06_1950","06","1950",13.7166666666667,14.4,12.8,1950-06-15
"518","06_1951","06","1951",13.4566666666667,15.4,12,1951-06-15
"519","06_1952","06","1952",13.2733333333333,15.4,11.6,1952-06-15
"520","06_1953","06","1953",13.5033333333333,14.4,12.6,1953-06-15
"521","06_1954","06","1954",12.8066666666667,13.7,11.8,1954-06-15
"522","06_1955","06","1955",13.3366666666667,15.4,10.7,1955-06-15
"523","06_1956","06","1956",12.9033333333333,15,11,1956-06-15
"524","06_1957","06","1957",13.32,15.1,11.9,1957-06-15
"525","06_1958","06","1958",16.79,18.2,13.1,1958-06-15
"526","06_1959","06","1959",12.4233333333333,13.3,11.2,1959-06-15
"527","06_1960","06","1960",14.4233333333333,15.4,12.1,1960-06-15
"528","06_1961","06","1961",13.7666666666667,14.9,12.7,1961-06-15
"529","06_1962","06","1962",12.4866666666667,14.4,11,1962-06-15
"530","06_1963","06","1963",13.4966666666667,15.2,11.5,1963-06-15
"531","06_1964","06","1964",13.1266666666667,14.8,11.7,1964-06-15
"532","06_1965","06","1965",12.87,14.5,11.1,1965-06-15
"533","06_1966","06","1966",13.57,14.8,12,1966-06-15
"534","06_1967","06","1967",12.77,14.5,11.1,1967-06-15
"535","06_1968","06","1968",13.1466666666667,14.2,12,1968-06-15
"536","06_1969","06","1969",14.5666666666667,15.6,13.3,1969-06-15
"537","06_1970","06","1970",13.26,14.8,12.5,1970-06-15
"538","06_1971","06","1971",12.8866666666667,15.5,11.3,1971-06-15
"539","06_1972","06","1972",13.4866666666667,15.2,12.4,1972-06-15
"540","06_1973","06","1973",14.0133333333333,16.4,12.1,1973-06-15
"541","06_1974","06","1974",13.2366666666667,14.7,11.5,1974-06-15
"542","06_1975","06","1975",14.0666666666667,15.2,12.4,1975-06-15
"543","06_1976","06","1976",13.4433333333333,17.6,11.4,1976-06-15
"544","06_1977","06","1977",12.9966666666667,16,11.8,1977-06-15
"545","06_1978","06","1978",12.8233333333333,14.5,11.8,1978-06-15
"546","06_1979","06","1979",13.9333333333333,15.1,12.3,1979-06-15
"547","06_1980","06","1980",13.345,14.9,12.4,1980-06-15
"548","06_1981","06","1981",13.4633333333333,15,12,1981-06-15
"549","06_1982","06","1982",14.12,17.3,11.6,1982-06-15
"550","06_1983","06","1983",14.0866666666667,15.8,11.7,1983-06-15
"551","06_1984","06","1984",12.8966666666667,13.8,11.6,1984-06-15
"552","06_1985","06","1985",14.1333333333333,16.4,11.8,1985-06-15
"553","06_1986","06","1986",13.7366666666667,16.2,11.2,1986-06-15
"554","06_1987","06","1987",13.7,15.1,12.5,1987-06-15
"555","06_1988","06","1988",13.79,15.3,12.4,1988-06-15
"556","06_1989","06","1989",13.6633333333333,15.2,10.7,1989-06-15
"557","06_1990","06","1990",13.15,15.2,11.1,1990-06-15
"558","06_1991","06","1991",12.4033333333333,15.2,11.3,1991-06-15
"559","06_1992","06","1992",15.3866666666667,18,14,1992-06-15
"560","06_1993","06","1993",15.9533333333333,18,13.7,1993-06-15
"561","06_1994","06","1994",13.7533333333333,16,12.4,1994-06-15
"562","06_1995","06","1995",12.6133333333333,14.2,10.7,1995-06-15
"563","06_1996","06","1996",12.4366666666667,14.8,11.2,1996-06-15
"564","06_1997","06","1997",13.6266666666667,15.1,12.1,1997-06-15
"565","06_1998","06","1998",14.7733333333333,17,13.4,1998-06-15
"566","06_1999","06","1999",12.228,12.86,11.78,1999-06-15
"567","06_2000","06","2000",14.4,17.3,12.9,2000-06-15
"568","06_2001","06","2001",14.285,17.2,12.4,2001-06-15
"569","06_2002","06","2002",13.1236666666667,14.42,11.83,2002-06-15
"570","06_2003","06","2003",13.6766666666667,15.4,11.9,2003-06-15
"571","06_2004","06","2004",13.2766666666667,15.2,11.6,2004-06-15
"572","06_2005","06","2005",13.74,15.9,12,2005-06-15
"573","06_2006","06","2006",14.3866666666667,16.6,12.3,2006-06-15
"574","06_2007","06","2007",13.58,15.4,12.3,2007-06-15
"575","06_2008","06","2008",13.32,16.7,11.6,2008-06-15
"576","06_2009","06","2009",15.1833333333333,17.3,13,2009-06-15
"577","06_2010","06","2010",13.21,15.1,11.4,2010-06-15
"578","06_2011","06","2011",13.6233333333333,14.8,12.4,2011-06-15
"579","06_2012","06","2012",13.0633333333333,16,11,2012-06-15
"580","06_2013","06","2013",13.6766666666667,14.8,11.6,2013-06-15
"581","06_2014","06","2014",13.9433333333333,15.4,12.1,2014-06-15
"582","06_2015","06","2015",14.28,15.3,13.1,2015-06-15
"583","07_1919","07","1919",12.8045161290323,14.11,11.11,1919-07-15
"584","07_1920","07","1920",13.6448387096774,15.56,11.67,1920-07-15
"585","07_1921","07","1921",13.5038709677419,15.56,12.22,1921-07-15
"586","07_1922","07","1922",13.5303225806452,15,11.67,1922-07-15
"587","07_1923","07","1923",12.6293548387097,15,10.83,1923-07-15
"588","07_1924","07","1924",12.3083870967742,13.89,11.11,1924-07-15
"589","07_1925","07","1925",13.0396774193548,15,11.11,1925-07-15
"590","07_1926","07","1926",12.2677419354839,13.33,11.11,1926-07-15
"591","07_1927","07","1927",13.08,14.39,11.67,1927-07-15
"592","07_1928","07","1928",12.6609677419355,13.89,12.22,1928-07-15
"593","07_1929","07","1929",14.3151612903226,16.05,12.5,1929-07-15
"594","07_1930","07","1930",13.4154838709677,14.98,11.67,1930-07-15
"595","07_1931","07","1931",14.2022580645161,16.05,12.22,1931-07-15
"596","07_1932","07","1932",13.7412903225806,14.39,11.67,1932-07-15
"597","07_1933","07","1933",13.0825806451613,13.89,12.22,1933-07-15
"598","07_1934","07","1934",13.9593548387097,14.44,13.33,1934-07-15
"599","07_1935","07","1935",13.3864516129032,13.89,12.78,1935-07-15
"600","07_1936","07","1936",12.8451612903226,14.2,11.4,1936-07-15
"601","07_1937","07","1937",14.6032258064516,15.6,13.2,1937-07-15
"602","07_1938","07","1938",14.9645161290323,16.9,12.2,1938-07-15
"603","07_1939","07","1939",13.8,15.2,12.8,1939-07-15
"604","07_1940","07","1940",14.0709677419355,15.44,13.13,1940-07-15
"605","07_1941","07","1941",14.6,16.9,12.6,1941-07-15
"606","07_1942","07","1942",14.1645161290323,14.8,13.2,1942-07-15
"607","07_1943","07","1943",14.3677419354839,15.3,12.7,1943-07-15
"608","07_1944","07","1944",14.6935483870968,16.3,13.2,1944-07-15
"609","07_1945","07","1945",15.1903225806452,16.6,12.4,1945-07-15
"610","07_1946","07","1946",14.0032258064516,16.4,12.1,1946-07-15
"611","07_1947","07","1947",14.5064516129032,16.5,13.1,1947-07-15
"612","07_1948","07","1948",14.4709677419355,16.3,12.7,1948-07-15
"613","07_1949","07","1949",13.8709677419355,15.9,12.5,1949-07-15
"614","07_1950","07","1950",14.1774193548387,15.3,12.7,1950-07-15
"615","07_1951","07","1951",13.7612903225806,15.3,11.5,1951-07-15
"616","07_1952","07","1952",14.6645161290323,16.3,13,1952-07-15
"617","07_1953","07","1953",13.5064516129032,14.8,11.6,1953-07-15
"618","07_1954","07","1954",13.5258064516129,15,11.8,1954-07-15
"619","07_1955","07","1955",12.6064516129032,13.8,10.9,1955-07-15
"620","07_1956","07","1956",13.4774193548387,14.3,12.2,1956-07-15
"621","07_1957","07","1957",14.2,15.6,12.9,1957-07-15
"622","07_1958","07","1958",14,16.2,12.5,1958-07-15
"623","07_1959","07","1959",13.9483870967742,16.2,11.7,1959-07-15
"624","07_1960","07","1960",14.1032258064516,15.2,13,1960-07-15
"625","07_1961","07","1961",14.1161290322581,15.5,12.4,1961-07-15
"626","07_1962","07","1962",12.9967741935484,14.1,11.9,1962-07-15
"627","07_1963","07","1963",14.8709677419355,16.7,12.7,1963-07-15
"628","07_1964","07","1964",13.4,15,12.1,1964-07-15
"629","07_1965","07","1965",14.4354838709677,16.2,13.1,1965-07-15
"630","07_1966","07","1966",13.7645161290323,15.4,12,1966-07-15
"631","07_1967","07","1967",14.2838709677419,16,12.2,1967-07-15
"632","07_1968","07","1968",13.858064516129,15.9,12.5,1968-07-15
"633","07_1969","07","1969",13.5741935483871,15.8,11.5,1969-07-15
"634","07_1970","07","1970",13.6290322580645,15.1,12.5,1970-07-15
"635","07_1971","07","1971",13.5032258064516,14.8,11.7,1971-07-15
"636","07_1972","07","1972",15.8290322580645,17,14.1,1972-07-15
"637","07_1973","07","1973",13.458064516129,15.6,11.7,1973-07-15
"638","07_1974","07","1974",14.3354838709677,15.9,11.5,1974-07-15
"639","07_1975","07","1975",13.4064516129032,15.2,12,1975-07-15
"640","07_1976","07","1976",14.2193548387097,15.7,12.4,1976-07-15
"641","07_1977","07","1977",15.0032258064516,17.5,12.5,1977-07-15
"642","07_1978","07","1978",13.5838709677419,15.3,12,1978-07-15
"643","07_1979","07","1979",13.7258064516129,15.2,11.8,1979-07-15
"644","07_1980","07","1980",14.3838709677419,15.5,13.1,1980-07-15
"645","07_1981","07","1981",13.2516129032258,14.3,11.8,1981-07-15
"646","07_1982","07","1982",14.5483870967742,17.2,11.8,1982-07-15
"647","07_1983","07","1983",15.2451612903226,16.4,13.3,1983-07-15
"648","07_1984","07","1984",15.7258064516129,17.6,12.5,1984-07-15
"649","07_1985","07","1985",14.5048387096774,17.7,11.8,1985-07-15
"650","07_1986","07","1986",13.7774193548387,15.2,12,1986-07-15
"651","07_1987","07","1987",14.6774193548387,16.8,12.8,1987-07-15
"652","07_1988","07","1988",14.1709677419355,16.5,12.3,1988-07-15
"653","07_1989","07","1989",13.4645161290323,16.1,11.5,1989-07-15
"654","07_1990","07","1990",13.6064516129032,14.7,11.7,1990-07-15
"655","07_1991","07","1991",13.5967741935484,14.4,12.7,1991-07-15
"656","07_1992","07","1992",16.1967741935484,18,13.7,1992-07-15
"657","07_1993","07","1993",14.9354838709677,17,13.4,1993-07-15
"658","07_1994","07","1994",13.2370967741935,15.1,12.1,1994-07-15
"659","07_1995","07","1995",15.1661290322581,16.8,14.1,1995-07-15
"660","07_1996","07","1996",14.0387096774194,16.2,12.8,1996-07-15
"661","07_1997","07","1997",13.9032258064516,15.2,12,1997-07-15
"662","07_1998","07","1998",13.686875,15.4,12.2,1998-07-15
"663","07_1999","07","1999",13.7783333333333,15.7,12.23,1999-07-15
"664","07_2000","07","2000",14.6096774193548,17.3,12.6,2000-07-15
"665","07_2001","07","2001",14.6322580645161,16.3,12.9,2001-07-15
"666","07_2002","07","2002",13.8290322580645,16.4,11.9,2002-07-15
"667","07_2003","07","2003",14.0064516129032,15.3,11.9,2003-07-15
"668","07_2004","07","2004",14.9516129032258,17.4,13.8,2004-07-15
"669","07_2005","07","2005",14.2806451612903,16.1,12.8,2005-07-15
"670","07_2006","07","2006",14.4741935483871,16.8,12.1,2006-07-15
"671","07_2007","07","2007",14.7933333333333,17.8,11.7,2007-07-15
"672","07_2008","07","2008",14.6838709677419,15.8,13.4,2008-07-15
"673","07_2009","07","2009",14.8322580645161,17.2,13.1,2009-07-15
"674","07_2010","07","2010",14.2096774193548,15.8,12.9,2010-07-15
"675","07_2011","07","2011",14.4354838709677,15.9,12.8,2011-07-15
"676","07_2012","07","2012",13.8225806451613,16.6,12.3,2012-07-15
"677","07_2013","07","2013",14.5354838709677,15.6,13.4,2013-07-15
"678","07_2014","07","2014",15.5161290322581,17.8,12.9,2014-07-15
"679","07_2015","07","2015",16.7806451612903,21,14.7,2015-07-15
"680","08_1919","08","1919",13.4225806451613,14,12.78,1919-08-15
"681","08_1920","08","1920",13.6261290322581,15,12.22,1920-08-15
"682","08_1921","08","1921",13.6725806451613,15,11.11,1921-08-15
"683","08_1922","08","1922",12.141935483871,13.33,11.11,1922-08-15
"684","08_1923","08","1923",12.6790322580645,14.44,11.11,1923-08-15
"685","08_1924","08","1924",12.0041935483871,13.33,10.56,1924-08-15
"686","08_1925","08","1925",13.3706451612903,14.95,11.67,1925-08-15
"687","08_1926","08","1926",11.9548387096774,12.78,10.56,1926-08-15
"688","08_1927","08","1927",13.2796774193548,13.89,12.22,1927-08-15
"689","08_1928","08","1928",12.3035483870968,13.33,11.11,1928-08-15
"690","08_1929","08","1929",13.9787096774194,15.78,12.78,1929-08-15
"691","08_1930","08","1930",13.9425806451613,14.95,12.78,1930-08-15
"692","08_1931","08","1931",14.6851612903226,16.89,12.78,1931-08-15
"693","08_1932","08","1932",13.3312903225806,14.39,11.67,1932-08-15
"694","08_1933","08","1933",14.0977419354839,14.39,13.33,1933-08-15
"695","08_1934","08","1934",13.9432258064516,14.44,13.89,1934-08-15
"696","08_1935","08","1935",13.741935483871,14.44,13.33,1935-08-15
"697","08_1936","08","1936",13.8,15.4,12.6,1936-08-15
"698","08_1937","08","1937",14.2516129032258,15.8,12.8,1937-08-15
"699","08_1938","08","1938",14.9032258064516,16.8,12.8,1938-08-15
"700","08_1939","08","1939",14.9806451612903,16.1,13.3,1939-08-15
"701","08_1940","08","1940",13.8109677419355,14.67,13.13,1940-08-15
"702","08_1941","08","1941",15.2451612903226,17.3,13.5,1941-08-15
"703","08_1942","08","1942",13.8677419354839,15.1,12.1,1942-08-15
"704","08_1943","08","1943",13.758064516129,15,12.8,1943-08-15
"705","08_1944","08","1944",13.458064516129,15.7,12.3,1944-08-15
"706","08_1945","08","1945",13.8870967741935,14.8,13,1945-08-15
"707","08_1946","08","1946",14.0032258064516,15,12.7,1946-08-15
"708","08_1947","08","1947",14.6709677419355,16,12.1,1947-08-15
"709","08_1948","08","1948",14.6064516129032,15.6,14,1948-08-15
"710","08_1949","08","1949",14.1548387096774,16.3,12.6,1949-08-15
"711","08_1950","08","1950",14.4161290322581,16.2,12,1950-08-15
"712","08_1951","08","1951",14.2548387096774,15.5,13.1,1951-08-15
"713","08_1952","08","1952",13.1,15,11.4,1952-08-15
"714","08_1953","08","1953",13.6387096774194,15.4,12.3,1953-08-15
"715","08_1954","08","1954",13.9709677419355,15.9,12.7,1954-08-15
"716","08_1955","08","1955",13.058064516129,14.7,12,1955-08-15
"717","08_1956","08","1956",13.3516129032258,14.9,11.2,1956-08-15
"718","08_1957","08","1957",13.9870967741935,16,11.8,1957-08-15
"719","08_1958","08","1958",15.9935483870968,17.2,14.2,1958-08-15
"720","08_1959","08","1959",15.3612903225806,16.2,14.5,1959-08-15
"721","08_1960","08","1960",13.5129032258065,14.7,12.3,1960-08-15
"722","08_1961","08","1961",14.7290322580645,16.2,13.5,1961-08-15
"723","08_1962","08","1962",14.3548387096774,16.3,12.3,1962-08-15
"724","08_1963","08","1963",13.8258064516129,15,13,1963-08-15
"725","08_1964","08","1964",13.7032258064516,14.7,12.5,1964-08-15
"726","08_1965","08","1965",14.9967741935484,15.7,13.9,1965-08-15
"727","08_1966","08","1966",13.9774193548387,15.6,12.1,1966-08-15
"728","08_1967","08","1967",14.4451612903226,15.6,13.4,1967-08-15
"729","08_1968","08","1968",14.5612903225806,16.1,13.1,1968-08-15
"730","08_1969","08","1969",13.4354838709677,15.2,11.9,1969-08-15
"731","08_1970","08","1970",13.3838709677419,14.9,12,1970-08-15
"732","08_1971","08","1971",14.4258064516129,17,12.8,1971-08-15
"733","08_1972","08","1972",15.4177419354839,16.4,14.3,1972-08-15
"734","08_1973","08","1973",14.0354838709677,14.9,12.8,1973-08-15
"735","08_1974","08","1974",15.2064516129032,16.2,13.9,1974-08-15
"736","08_1975","08","1975",14.6935483870968,16,13.5,1975-08-15
"737","08_1976","08","1976",16.6516129032258,17.6,14.9,1976-08-15
"738","08_1977","08","1977",14.5870967741935,15.9,13.7,1977-08-15
"739","08_1978","08","1978",14.7,16.2,13,1978-08-15
"740","08_1979","08","1979",14.5806451612903,16,13.8,1979-08-15
"741","08_1980","08","1980",14.2387096774194,16.2,12.3,1980-08-15
"742","08_1981","08","1981",14.2677419354839,15.7,12.3,1981-08-15
"743","08_1982","08","1982",13.8838709677419,14.8,12.9,1982-08-15
"744","08_1983","08","1983",16.0161290322581,17.2,13.9,1983-08-15
"745","08_1984","08","1984",14.7354838709677,15.9,13.2,1984-08-15
"746","08_1985","08","1985",14.8806451612903,16.1,13.7,1985-08-15
"747","08_1986","08","1986",14.7225806451613,16.1,13.1,1986-08-15
"748","08_1987","08","1987",15.9129032258065,17.7,13,1987-08-15
"749","08_1988","08","1988",15.5451612903226,16.3,14.3,1988-08-15
"750","08_1989","08","1989",14.1806451612903,15.1,12.6,1989-08-15
"751","08_1990","08","1990",15.341935483871,16.7,13.2,1990-08-15
"752","08_1991","08","1991",14.9354838709677,16.1,14.1,1991-08-15
"753","08_1992","08","1992",14.6741935483871,16.1,13.9,1992-08-15
"754","08_1993","08","1993",16.3145161290323,18.2,13.9,1993-08-15
"755","08_1994","08","1994",13.25,14.9,12,1994-08-15
"756","08_1995","08","1995",13.9758064516129,15.1,13.1,1995-08-15
"757","08_1996","08","1996",13.3758064516129,14.8,12.1,1996-08-15
"758","08_1997","08","1997",16.5096774193548,18.1,14.6,1997-08-15
"759","08_1998","08","1998",14.8032258064516,16.6,13.7,1998-08-15
"760","08_1999","08","1999",15.5967741935484,16.8,13.5,1999-08-15
"761","08_2000","08","2000",14.8322580645161,16.2,12.9,2000-08-15
"762","08_2001","08","2001",14.8032258064516,16.3,13,2001-08-15
"763","08_2002","08","2002",15.3129032258065,17.7,13.8,2002-08-15
"764","08_2003","08","2003",15.9548387096774,17.6,13.9,2003-08-15
"765","08_2004","08","2004",15.5467741935484,17.1,14.3,2004-08-15
"766","08_2005","08","2005",14.6677419354839,15.4,13.5,2005-08-15
"767","08_2006","08","2006",15.8322580645161,18,14.7,2006-08-15
"768","08_2007","08","2007",14.858064516129,16.8,13.3,2007-08-15
"769","08_2008","08","2008",14.4516129032258,16.1,12.8,2008-08-15
"770","08_2009","08","2009",14.8290322580645,16.1,13.8,2009-08-15
"771","08_2010","08","2010",14.4903225806452,16.1,13,2010-08-15
"772","08_2011","08","2011",14.2709677419355,15.3,13.3,2011-08-15
"773","08_2012","08","2012",13.8709677419355,15.1,12.8,2012-08-15
"774","08_2013","08","2013",14.7322580645161,15.9,13.7,2013-08-15
"775","08_2014","08","2014",16.7129032258065,18.1,15.5,2014-08-15
"776","08_2015","08","2015",17.1096774193548,18.2,15.9,2015-08-15
"777","09_1919","09","1919",13.8896666666667,15,13.33,1919-09-15
"778","09_1920","09","1920",14.0363333333333,15,12.78,1920-09-15
"779","09_1921","09","1921",12.9626666666667,13.89,11.67,1921-09-15
"780","09_1922","09","1922",12.842,13.89,11.11,1922-09-15
"781","09_1923","09","1923",13.972,15.56,12.78,1923-09-15
"782","09_1924","09","1924",12.69,13.89,11.11,1924-09-15
"783","09_1925","09","1925",13.844,15.5,12.22,1925-09-15
"784","09_1926","09","1926",12.8426666666667,13.89,11.67,1926-09-15
"785","09_1927","09","1927",13.1743333333333,14.39,11.95,1927-09-15
"786","09_1928","09","1928",12.444,13.33,11.67,1928-09-15
"787","09_1929","09","1929",14.6583333333333,15.78,12.78,1929-09-15
"788","09_1930","09","1930",14.7893333333333,16.05,13.33,1930-09-15
"789","09_1931","09","1931",14.9556666666667,16.61,12.78,1931-09-15
"790","09_1932","09","1932",16.0163333333333,16.61,14.95,1932-09-15
"791","09_1933","09","1933",14.0136666666667,14.39,12.22,1933-09-15
"792","09_1934","09","1934",14.092,15,13.89,1934-09-15
"793","09_1935","09","1935",13.7523333333333,15.3,12.74,1935-09-15
"794","09_1936","09","1936",14.5616666666667,16.3,13.5,1936-09-15
"795","09_1937","09","1937",13.7566666666667,15,11.8,1937-09-15
"796","09_1938","09","1938",13.6133333333333,15.3,11.8,1938-09-15
"797","09_1939","09","1939",15.2633333333333,17.3,13.7,1939-09-15
"798","09_1940","09","1940",15.7333333333333,17.75,14.28,1940-09-15
"799","09_1941","09","1941",15.37,17,13.1,1941-09-15
"800","09_1942","09","1942",14.72,15.9,13.9,1942-09-15
"801","09_1943","09","1943",14.8666666666667,15.8,14.2,1943-09-15
"802","09_1944","09","1944",13.63,14.7,12.6,1944-09-15
"803","09_1945","09","1945",14.5766666666667,16.2,13.4,1945-09-15
"804","09_1946","09","1946",13.9366666666667,16,12.4,1946-09-15
"805","09_1947","09","1947",14.5883333333333,16,13.1,1947-09-15
"806","09_1948","09","1948",13.6133333333333,15,12.7,1948-09-15
"807","09_1949","09","1949",14.1166666666667,15.6,12.2,1949-09-15
"808","09_1950","09","1950",14.3833333333333,16.2,12.8,1950-09-15
"809","09_1951","09","1951",14.5366666666667,15.6,13.3,1951-09-15
"810","09_1952","09","1952",13.34,15,12.2,1952-09-15
"811","09_1953","09","1953",15.5533333333333,16.6,13.9,1953-09-15
"812","09_1954","09","1954",14.05,16,11.4,1954-09-15
"813","09_1955","09","1955",13.17,14.5,11.5,1955-09-15
"814","09_1956","09","1956",15.1133333333333,16.4,13.9,1956-09-15
"815","09_1957","09","1957",15.6333333333333,17.5,13.4,1957-09-15
"816","09_1958","09","1958",15.5833333333333,17.7,12.9,1958-09-15
"817","09_1959","09","1959",14.6066666666667,15.8,13.5,1959-09-15
"818","09_1960","09","1960",13.44,14.2,12.3,1960-09-15
"819","09_1961","09","1961",13.87,15.3,12.8,1961-09-15
"820","09_1962","09","1962",13.27,14.2,11.8,1962-09-15
"821","09_1963","09","1963",14.7,15.6,13.8,1963-09-15
"822","09_1964","09","1964",13.7833333333333,15.1,12.3,1964-09-15
"823","09_1965","09","1965",15.48,16.7,14,1965-09-15
"824","09_1966","09","1966",14.36,15.4,12,1966-09-15
"825","09_1967","09","1967",15.0866666666667,16.1,13.8,1967-09-15
"826","09_1968","09","1968",14.41,16.4,12.3,1968-09-15
"827","09_1969","09","1969",14.0366666666667,15.4,12.2,1969-09-15
"828","09_1970","09","1970",13.0733333333333,14.3,11.8,1970-09-15
"829","09_1971","09","1971",15.1966666666667,16.8,13.4,1971-09-15
"830","09_1972","09","1972",14.9033333333333,15.9,13.5,1972-09-15
"831","09_1973","09","1973",14.3286666666667,15.5,13,1973-09-15
"832","09_1974","09","1974",14.5266666666667,15.5,13.6,1974-09-15
"833","09_1975","09","1975",14.4,15.9,13,1975-09-15
"834","09_1976","09","1976",14.4233333333333,15.7,12.8,1976-09-15
"835","09_1977","09","1977",14.9666666666667,17,13,1977-09-15
"836","09_1978","09","1978",14.0466666666667,15.8,12.4,1978-09-15
"837","09_1979","09","1979",15.4033333333333,17,14,1979-09-15
"838","09_1980","09","1980",14.22,14.8,12.8,1980-09-15
"839","09_1981","09","1981",13.6033333333333,14.9,11.7,1981-09-15
"840","09_1982","09","1982",14.75,16.1,12.9,1982-09-15
"841","09_1983","09","1983",17.3933333333333,19,15.8,1983-09-15
"842","09_1984","09","1984",15.0933333333333,16.5,13.3,1984-09-15
"843","09_1985","09","1985",14.5533333333333,16.2,13.1,1985-09-15
"844","09_1986","09","1986",14.55,16,12.9,1986-09-15
"845","09_1987","09","1987",15.33,17.1,13.4,1987-09-15
"846","09_1988","09","1988",14.61,16,13.1,1988-09-15
"847","09_1989","09","1989",14.1,15.5,12.3,1989-09-15
"848","09_1990","09","1990",14.4966666666667,16.1,13.1,1990-09-15
"849","09_1991","09","1991",14.0333333333333,15.2,12.7,1991-09-15
"850","09_1992","09","1992",14.96,15.9,13.1,1992-09-15
"851","09_1993","09","1993",15.17,16.1,14.1,1993-09-15
"852","09_1994","09","1994",13.49,15,12.4,1994-09-15
"853","09_1995","09","1995",14.0833333333333,15.3,12,1995-09-15
"854","09_1996","09","1996",13.4033333333333,14.6,11.9,1996-09-15
"855","09_1997","09","1997",15.675,18,14.2,1997-09-15
"856","09_1998","09","1998",14.69,15.3,13.1,1998-09-15
"857","09_1999","09","1999",14.44,15.5,13.3,1999-09-15
"858","09_2000","09","2000",15.7666666666667,17.5,14.2,2000-09-15
"859","09_2001","09","2001",14.35,16.2,13.3,2001-09-15
"860","09_2002","09","2002",14.4166666666667,16.5,12.8,2002-09-15
"861","09_2003","09","2003",15.8966666666667,16.8,14.5,2003-09-15
"862","09_2004","09","2004",14.5233333333333,16.7,12.8,2004-09-15
"863","09_2005","09","2005",14.4733333333333,15.4,13.2,2005-09-15
"864","09_2006","09","2006",14.2333333333333,15,12.6,2006-09-15
"865","09_2007","09","2007",15.4066666666667,17.3,12.8,2007-09-15
"866","09_2008","09","2008",15.43,17.3,13.4,2008-09-15
"867","09_2009","09","2009",13.8733333333333,15.8,12.7,2009-09-15
"868","09_2010","09","2010",14.18,15.6,12.5,2010-09-15
"869","09_2011","09","2011",14.59,15.8,13.3,2011-09-15
"870","09_2012","09","2012",14.1033333333333,14.9,13.5,2012-09-15
"871","09_2013","09","2013",14.6333333333333,15.8,13.9,2013-09-15
"872","09_2014","09","2014",16.6233333333333,18.2,14.5,2014-09-15
"873","09_2015","09","2015",16.46,17.6,15.1,2015-09-15
"874","10_1919","10","1919",13.0874193548387,14.11,11.67,1919-10-15
"875","10_1920","10","1920",12.9961290322581,14.72,11.67,1920-10-15
"876","10_1921","10","1921",12.9816129032258,14.44,11.33,1921-10-15
"877","10_1922","10","1922",12.688064516129,14.44,11.67,1922-10-15
"878","10_1923","10","1923",13.4212903225806,15.66,11.09,1923-10-15
"879","10_1924","10","1924",11.5961290322581,12.22,10.83,1924-10-15
"880","10_1925","10","1925",13.4903225806452,14.39,12.22,1925-10-15
"881","10_1926","10","1926",12.3303225806452,13.33,11.39,1926-10-15
"882","10_1927","10","1927",12.4909677419355,14.39,10.56,1927-10-15
"883","10_1928","10","1928",12.5803225806452,13.89,11.11,1928-10-15
"884","10_1929","10","1929",13.781935483871,15.78,12.78,1929-10-15
"885","10_1930","10","1930",13.9590322580645,14.95,12.22,1930-10-15
"886","10_1931","10","1931",15.1177419354839,18.22,13.33,1931-10-15
"887","10_1932","10","1932",14.5341935483871,16.61,12.22,1932-10-15
"888","10_1933","10","1933",12.7051612903226,13.89,12.22,1933-10-15
"889","10_1934","10","1934",14.1383870967742,15,13.33,1934-10-15
"890","10_1935","10","1935",13.6548387096774,15.3,11.7,1935-10-15
"891","10_1936","10","1936",14.2838709677419,15.4,13.2,1936-10-15
"892","10_1937","10","1937",14.4322580645161,16.2,12.9,1937-10-15
"893","10_1938","10","1938",14.041935483871,15.1,12.8,1938-10-15
"894","10_1939","10","1939",14.7129032258065,17,13,1939-10-15
"895","10_1940","10","1940",14.718064516129,15.82,14.28,1940-10-15
"896","10_1941","10","1941",13.9677419354839,15.3,12.8,1941-10-15
"897","10_1942","10","1942",13.0483870967742,14.8,12.1,1942-10-15
"898","10_1943","10","1943",13.9322580645161,15.7,12.6,1943-10-15
"899","10_1944","10","1944",14.1709677419355,14.9,13.4,1944-10-15
"900","10_1945","10","1945",14.7612903225806,16.1,12.9,1945-10-15
"901","10_1946","10","1946",13.441935483871,14.8,11.9,1946-10-15
"902","10_1947","10","1947",13.9,15.4,11.9,1947-10-15
"903","10_1948","10","1948",13.358064516129,14.2,11.9,1948-10-15
"904","10_1949","10","1949",12.8096774193548,14.4,11.2,1949-10-15
"905","10_1950","10","1950",13.0483870967742,14.4,12,1950-10-15
"906","10_1951","10","1951",14.0935483870968,15.8,12.5,1951-10-15
"907","10_1952","10","1952",13.1967741935484,14.4,11.5,1952-10-15
"908","10_1953","10","1953",13.5354838709677,14.5,11.9,1953-10-15
"909","10_1954","10","1954",13.3064516129032,14.7,10.9,1954-10-15
"910","10_1955","10","1955",13.0064516129032,14.1,11.9,1955-10-15
"911","10_1956","10","1956",14.2,16.1,11.5,1956-10-15
"912","10_1957","10","1957",16.2354838709677,17.5,14.3,1957-10-15
"913","10_1958","10","1958",15.2354838709677,16.3,13.7,1958-10-15
"914","10_1959","10","1959",14.8838709677419,16.5,13,1959-10-15
"915","10_1960","10","1960",14.2161290322581,15.9,12.4,1960-10-15
"916","10_1961","10","1961",13.5516129032258,15.1,12.4,1961-10-15
"917","10_1962","10","1962",13.6258064516129,15.1,11.8,1962-10-15
"918","10_1963","10","1963",15.6129032258065,16.7,13.4,1963-10-15
"919","10_1964","10","1964",13.9967741935484,15.4,12.6,1964-10-15
"920","10_1965","10","1965",14.2967741935484,15.3,12.8,1965-10-15
"921","10_1966","10","1966",13.7193548387097,15.4,12.4,1966-10-15
"922","10_1967","10","1967",14.1387096774194,16.2,12.5,1967-10-15
"923","10_1968","10","1968",13.1870967741935,14.2,11.9,1968-10-15
"924","10_1969","10","1969",13.6548387096774,14.4,12.4,1969-10-15
"925","10_1970","10","1970",13.3387096774194,14.4,12.5,1970-10-15
"926","10_1971","10","1971",13.2612903225806,15.5,11.4,1971-10-15
"927","10_1972","10","1972",15.5677419354839,16.6,13.8,1972-10-15
"928","10_1973","10","1973",13.2612903225806,14.2,12.2,1973-10-15
"929","10_1974","10","1974",14.7483870967742,15.9,13.9,1974-10-15
"930","10_1975","10","1975",13.658064516129,14.7,12.1,1975-10-15
"931","10_1976","10","1976",15.3258064516129,17,13.6,1976-10-15
"932","10_1977","10","1977",13.8645161290323,17.2,12,1977-10-15
"933","10_1978","10","1978",13.2548387096774,14.1,12.5,1978-10-15
"934","10_1979","10","1979",15.5516129032258,16.8,14,1979-10-15
"935","10_1980","10","1980",13.3516129032258,14.6,12.3,1980-10-15
"936","10_1981","10","1981",13.0677419354839,14.1,12.1,1981-10-15
"937","10_1982","10","1982",14.9612903225806,16.1,13.5,1982-10-15
"938","10_1983","10","1983",17.1258064516129,18.2,15.2,1983-10-15
"939","10_1984","10","1984",14.3870967741935,16.7,11.6,1984-10-15
"940","10_1985","10","1985",13.7193548387097,15.4,12.2,1985-10-15
"941","10_1986","10","1986",13.8548387096774,15.5,12.6,1986-10-15
"942","10_1987","10","1987",15.1645161290323,16.3,14.2,1987-10-15
"943","10_1988","10","1988",13.8935483870968,15.1,12.6,1988-10-15
"944","10_1989","10","1989",13.5645161290323,14.8,13,1989-10-15
"945","10_1990","10","1990",13.5387096774194,15.6,11.9,1990-10-15
"946","10_1991","10","1991",14.0741935483871,15.1,12.7,1991-10-15
"947","10_1992","10","1992",15.2748387096774,16.22,13.9,1992-10-15
"948","10_1993","10","1993",14.9129032258065,16.1,13.2,1993-10-15
"949","10_1994","10","1994",13.8645161290323,15.4,11.8,1994-10-15
"950","10_1995","10","1995",13.1806451612903,14.2,12,1995-10-15
"951","10_1996","10","1996",12.9903225806452,15,10.5,1996-10-15
"952","10_1997","10","1997",15.6661290322581,17.2,13.6,1997-10-15
"953","10_1998","10","1998",13.441935483871,15.8,11.8,1998-10-15
"954","10_1999","10","1999",14.8361290322581,16.4,13.5,1999-10-15
"955","10_2000","10","2000",13.9858064516129,15.31,13.03,2000-10-15
"956","10_2001","10","2001",14.1,16.1,13.1,2001-10-15
"957","10_2002","10","2002",13.8935483870968,15.1,12.1,2002-10-15
"958","10_2003","10","2003",12.9677419354839,15.4,11.4,2003-10-15
"959","10_2004","10","2004",13.8032258064516,14.7,13.3,2004-10-15
"960","10_2005","10","2005",12.7483870967742,14.1,11.8,2005-10-15
"961","10_2006","10","2006",14.4774193548387,15.3,12.5,2006-10-15
"962","10_2007","10","2007",13.6806451612903,14.5,12.3,2007-10-15
"963","10_2008","10","2008",13.5451612903226,15.7,12.3,2008-10-15
"964","10_2009","10","2009",13.9161290322581,15.5,12.4,2009-10-15
"965","10_2010","10","2010",13.5258064516129,14.6,12.1,2010-10-15
"966","10_2011","10","2011",15.1193548387097,16.3,12.1,2011-10-15
"967","10_2012","10","2012",14.6032258064516,15.8,12.7,2012-10-15
"968","10_2013","10","2013",12.8483870967742,13.9,12.1,2013-10-15
"969","10_2014","10","2014",16.0258064516129,17.5,14.9,2014-10-15
"970","10_2015","10","2015",16.4774193548387,17.7,15.5,2015-10-15
"971","11_1919","11","1919",12.1166666666667,13.89,9.11,1919-11-15
"972","11_1920","11","1920",12.0003333333333,12.78,10.56,1920-11-15
"973","11_1921","11","1921",11.7746666666667,12.78,10,1921-11-15
"974","11_1922","11","1922",11.0386666666667,11.67,10,1922-11-15
"975","11_1923","11","1923",12.9443333333333,13.89,11.11,1923-11-15
"976","11_1924","11","1924",10.83,12.22,9.72,1924-11-15
"977","11_1925","11","1925",12.268,13.89,11.11,1925-11-15
"978","11_1926","11","1926",12.6063333333333,13.89,11.67,1926-11-15
"979","11_1927","11","1927",13.9356666666667,14.95,12.78,1927-11-15
"980","11_1928","11","1928",12.2783333333333,13.33,11.39,1928-11-15
"981","11_1929","11","1929",13.0616666666667,14.39,12.22,1929-11-15
"982","11_1930","11","1930",12.4523333333333,13.05,11.39,1930-11-15
"983","11_1931","11","1931",11.9256666666667,13.33,9.44,1931-11-15
"984","11_1932","11","1932",12.6653333333333,14.95,11.67,1932-11-15
"985","11_1933","11","1933",11.9636666666667,13.89,10.56,1933-11-15
"986","11_1934","11","1934",13.963,14.44,13.33,1934-11-15
"987","11_1935","11","1935",11.92,13,10.4,1935-11-15
"988","11_1936","11","1936",13.7566666666667,14.7,12.6,1936-11-15
"989","11_1937","11","1937",13.51,14.4,12,1937-11-15
"990","11_1938","11","1938",12.0033333333333,14.6,10.4,1938-11-15
"991","11_1939","11","1939",13.83,15,12.4,1939-11-15
"992","11_1940","11","1940",14.2053333333333,15.44,13.13,1940-11-15
"993","11_1941","11","1941",14.69,15.7,13.6,1941-11-15
"994","11_1942","11","1942",12.55,13.4,11.6,1942-11-15
"995","11_1943","11","1943",13.3333333333333,14.4,12,1943-11-15
"996","11_1944","11","1944",13.9633333333333,15.3,12.7,1944-11-15
"997","11_1945","11","1945",13.8633333333333,15.1,12.8,1945-11-15
"998","11_1946","11","1946",12.2833333333333,13.5,11,1946-11-15
"999","11_1947","11","1947",11.7266666666667,13.2,10.4,1947-11-15
"1000","11_1948","11","1948",12.2033333333333,13.5,11.1,1948-11-15
"1001","11_1949","11","1949",12.9633333333333,13.4,12.3,1949-11-15
"1002","11_1950","11","1950",14.1666666666667,15.3,12.4,1950-11-15
"1003","11_1951","11","1951",13.67,14.6,12.6,1951-11-15
"1004","11_1952","11","1952",12.5766666666667,14.1,12,1952-11-15
"1005","11_1953","11","1953",12.91,14.1,11.7,1953-11-15
"1006","11_1954","11","1954",12.8866666666667,13.6,12,1954-11-15
"1007","11_1955","11","1955",11.61,12.3,10.8,1955-11-15
"1008","11_1956","11","1956",11.9033333333333,12.5,10.8,1956-11-15
"1009","11_1957","11","1957",13.9266666666667,14.8,12.7,1957-11-15
"1010","11_1958","11","1958",13.4966666666667,15.2,12.1,1958-11-15
"1011","11_1959","11","1959",13.6233333333333,14.4,12.7,1959-11-15
"1012","11_1960","11","1960",12.7466666666667,13.4,11.7,1960-11-15
"1013","11_1961","11","1961",12.3533333333333,13.1,11.7,1961-11-15
"1014","11_1962","11","1962",12.8066666666667,13.7,11.4,1962-11-15
"1015","11_1963","11","1963",13.6066666666667,15,11.8,1963-11-15
"1016","11_1964","11","1964",13.4366666666667,15,11.5,1964-11-15
"1017","11_1965","11","1965",13.8133333333333,14.7,12.8,1965-11-15
"1018","11_1966","11","1966",13.6766666666667,14.5,12.5,1966-11-15
"1019","11_1967","11","1967",13.99,14.7,12.6,1967-11-15
"1020","11_1968","11","1968",12.9066666666667,13.8,11.1,1968-11-15
"1021","11_1969","11","1969",13.8466666666667,15.2,12.8,1969-11-15
"1022","11_1970","11","1970",13.2766666666667,14.4,12.3,1970-11-15
"1023","11_1971","11","1971",11.83,13.5,10.7,1971-11-15
"1024","11_1972","11","1972",13.8633333333333,15,12.7,1972-11-15
"1025","11_1973","11","1973",12.52,13.4,11.7,1973-11-15
"1026","11_1974","11","1974",12.8266666666667,14.7,11.8,1974-11-15
"1027","11_1975","11","1975",11.6933333333333,13.4,10.3,1975-11-15
"1028","11_1976","11","1976",14.7133333333333,17.5,12.5,1976-11-15
"1029","11_1977","11","1977",12.56,13.5,10.8,1977-11-15
"1030","11_1978","11","1978",12.64,13.5,11.5,1978-11-15
"1031","11_1979","11","1979",13.3266666666667,14.8,12,1979-11-15
"1032","11_1980","11","1980",12.17,13.3,11,1980-11-15
"1033","11_1981","11","1981",14.0066666666667,15.1,12.7,1981-11-15
"1034","11_1982","11","1982",14.5966666666667,16,13.5,1982-11-15
"1035","11_1983","11","1983",15.19,17,13,1983-11-15
"1036","11_1984","11","1984",13.44,14.6,11.9,1984-11-15
"1037","11_1985","11","1985",11.22,12.9,10.2,1985-11-15
"1038","11_1986","11","1986",13.18,14.5,11.8,1986-11-15
"1039","11_1987","11","1987",14.5133333333333,15.4,12.9,1987-11-15
"1040","11_1988","11","1988",12.96,14,12,1988-11-15
"1041","11_1989","11","1989",12.88,13.9,12,1989-11-15
"1042","11_1990","11","1990",12.55,14,11.6,1990-11-15
"1043","11_1991","11","1991",12.01,13.2,11,1991-11-15
"1044","11_1992","11","1992",14.2933333333333,16.5,12.1,1992-11-15
"1045","11_1993","11","1993",14.44,16,12.2,1993-11-15
"1046","11_1994","11","1994",11.5433333333333,14,10,1994-11-15
"1047","11_1995","11","1995",12.7533333333333,13.9,12,1995-11-15
"1048","11_1996","11","1996",11.89,12.5,11,1996-11-15
"1049","11_1997","11","1997",15.8016666666667,16.8,15.2,1997-11-15
"1050","11_1998","11","1998",12.0366666666667,13,11,1998-11-15
"1051","11_1999","11","1999",13.5,15,12.8,1999-11-15
"1052","11_2000","11","2000",13.117,13.67,12.75,2000-11-15
"1053","11_2001","11","2001",13.1966666666667,14.7,10.9,2001-11-15
"1054","11_2002","11","2002",12.9716666666667,14.9,11.8,2002-11-15
"1055","11_2003","11","2003",13.34,14.9,11.8,2003-11-15
"1056","11_2004","11","2004",13.6333333333333,14.6,11.4,2004-11-15
"1057","11_2005","11","2005",12.5566666666667,13.4,11.5,2005-11-15
"1058","11_2006","11","2006",13.75,15.6,11.2,2006-11-15
"1059","11_2007","11","2007",12.6033333333333,14.5,10.7,2007-11-15
"1060","11_2008","11","2008",13.2766666666667,14.5,12.6,2008-11-15
"1061","11_2009","11","2009",12.35,13.7,11.4,2009-11-15
"1062","11_2010","11","2010",12.64,13.9,10.6,2010-11-15
"1063","11_2011","11","2011",12.5766666666667,13.7,11.6,2011-11-15
"1064","11_2012","11","2012",13.88,14.9,12.7,2012-11-15
"1065","11_2013","11","2013",12.6566666666667,13.7,11.8,2013-11-15
"1066","11_2014","11","2014",14.55,15.6,13.4,2014-11-15
"1067","12_1919","12","1919",11.1983870967742,11.89,10.55,1919-12-15
"1068","12_1920","12","1920",11.51,12.22,10.22,1920-12-15
"1069","12_1921","12","1921",11.0225806451613,12.78,10,1921-12-15
"1070","12_1922","12","1922",11.1954838709677,12.22,10,1922-12-15
"1071","12_1923","12","1923",11.6454838709677,12.78,10.56,1923-12-15
"1072","12_1924","12","1924",10.2006451612903,11.36,8.89,1924-12-15
"1073","12_1925","12","1925",12.1554838709677,12.78,11.11,1925-12-15
"1074","12_1926","12","1926",11.4161290322581,13.33,9.72,1926-12-15
"1075","12_1927","12","1927",12.4287096774194,13.33,11.67,1927-12-15
"1076","12_1928","12","1928",11.9,12.78,10.56,1928-12-15
"1077","12_1929","12","1929",13.1987096774194,13.67,12.22,1929-12-15
"1078","12_1930","12","1930",13.228064516129,14.39,12.22,1930-12-15
"1079","12_1931","12","1931",11.1116129032258,12.22,10,1931-12-15
"1080","12_1932","12","1932",12.0787096774194,13.33,11.11,1932-12-15
"1081","12_1933","12","1933",11.0229032258065,11.67,10.56,1933-12-15
"1082","12_1934","12","1934",13.0277419354839,13.89,12.22,1934-12-15
"1083","12_1935","12","1935",12.4516129032258,13.4,11.6,1935-12-15
"1084","12_1936","12","1936",13.4322580645161,14,12.7,1936-12-15
"1085","12_1937","12","1937",13.3870967741935,14.6,12.5,1937-12-15
"1086","12_1938","12","1938",12.6903225806452,13.8,11.5,1938-12-15
"1087","12_1939","12","1939",14.1532258064516,15.1,12.9,1939-12-15
"1088","12_1940","12","1940",13.871935483871,14.67,11.59,1940-12-15
"1089","12_1941","12","1941",14.1338709677419,15.3,13,1941-12-15
"1090","12_1942","12","1942",11.7838709677419,12.9,10.8,1942-12-15
"1091","12_1943","12","1943",13.0838709677419,13.6,11.7,1943-12-15
"1092","12_1944","12","1944",12.7677419354839,13.2,12.3,1944-12-15
"1093","12_1945","12","1945",12.3587096774194,13.3,11.5,1945-12-15
"1094","12_1946","12","1946",12.4254838709677,13.4,11.4,1946-12-15
"1095","12_1947","12","1947",12,13.2,11.4,1947-12-15
"1096","12_1948","12","1948",11.0612903225806,11.9,10.5,1948-12-15
"1097","12_1949","12","1949",11.7935483870968,13.5,10.1,1949-12-15
"1098","12_1950","12","1950",13.4451612903226,14.4,12.3,1950-12-15
"1099","12_1951","12","1951",12.8032258064516,14.5,11.6,1951-12-15
"1100","12_1952","12","1952",12.7451612903226,14,11.5,1952-12-15
"1101","12_1953","12","1953",11.5806451612903,12.5,11,1953-12-15
"1102","12_1954","12","1954",12.1774193548387,13.3,10.7,1954-12-15
"1103","12_1955","12","1955",11.741935483871,12.6,10.3,1955-12-15
"1104","12_1956","12","1956",12.0416129032258,12.9,11.2,1956-12-15
"1105","12_1957","12","1957",13.8290322580645,14.6,13,1957-12-15
"1106","12_1958","12","1958",13.9741935483871,14.4,13.1,1958-12-15
"1107","12_1959","12","1959",13.6161290322581,14.2,12.7,1959-12-15
"1108","12_1960","12","1960",12.5,13.8,11.8,1960-12-15
"1109","12_1961","12","1961",11.9774193548387,13.4,10.6,1961-12-15
"1110","12_1962","12","1962",12.0548387096774,13.2,11,1962-12-15
"1111","12_1963","12","1963",12.0483870967742,13.1,11.3,1963-12-15
"1112","12_1964","12","1964",12.2290322580645,13.1,10.9,1964-12-15
"1113","12_1965","12","1965",13.1322580645161,14.2,12.2,1965-12-15
"1114","12_1966","12","1966",12.9064516129032,14.2,11.4,1966-12-15
"1115","12_1967","12","1967",12.1225806451613,14.4,10,1967-12-15
"1116","12_1968","12","1968",11.741935483871,12.6,10.7,1968-12-15
"1117","12_1969","12","1969",14.0903225806452,14.9,12.4,1969-12-15
"1118","12_1970","12","1970",12.3548387096774,13.4,11,1970-12-15
"1119","12_1971","12","1971",10.6354838709677,11.4,9.8,1971-12-15
"1120","12_1972","12","1972",12.3709677419355,13.7,10.1,1972-12-15
"1121","12_1973","12","1973",11.7225806451613,12.4,10.9,1973-12-15
"1122","12_1974","12","1974",11.9129032258065,13.2,10.6,1974-12-15
"1123","12_1975","12","1975",11.0516129032258,11.9,10.3,1975-12-15
"1124","12_1976","12","1976",14.1177419354839,15.3,13.4,1976-12-15
"1125","12_1977","12","1977",12.5903225806452,13.5,11,1977-12-15
"1126","12_1978","12","1978",11.2612903225806,13,10,1978-12-15
"1127","12_1979","12","1979",12.3387096774194,13,11.5,1979-12-15
"1128","12_1980","12","1980",12.3612903225806,13.5,11.1,1980-12-15
"1129","12_1981","12","1981",13.2064516129032,14,12.5,1981-12-15
"1130","12_1982","12","1982",13.7903225806452,15.3,12.3,1982-12-15
"1131","12_1983","12","1983",13.3645161290323,14.2,12.3,1983-12-15
"1132","12_1984","12","1984",12.3451612903226,13.3,11.6,1984-12-15
"1133","12_1985","12","1985",11.6193548387097,13.2,10.8,1985-12-15
"1134","12_1986","12","1986",13.4935483870968,14.2,12.3,1986-12-15
"1135","12_1987","12","1987",12.7,14.9,11,1987-12-15
"1136","12_1988","12","1988",11.2806451612903,12,10.7,1988-12-15
"1137","12_1989","12","1989",13.0935483870968,14,12,1989-12-15
"1138","12_1990","12","1990",11.4129032258065,13.5,9.4,1990-12-15
"1139","12_1991","12","1991",11.458064516129,13,9.6,1991-12-15
"1140","12_1992","12","1992",12.7451612903226,15,11,1992-12-15
"1141","12_1993","12","1993",13.1322580645161,15,10.9,1993-12-15
"1142","12_1994","12","1994",11.2661290322581,12,10,1994-12-15
"1143","12_1995","12","1995",12.2838709677419,13.5,11.5,1995-12-15
"1144","12_1996","12","1996",11.8161290322581,13.5,10,1996-12-15
"1145","12_1997","12","1997",14.3741935483871,15.7,13.5,1997-12-15
"1146","12_1998","12","1998",10.1935483870968,12,6.9,1998-12-15
"1147","12_1999","12","1999",12.3,13.5,10.9,1999-12-15
"1148","12_2000","12","2000",12.6064516129032,13.4,11.9,2000-12-15
"1149","12_2001","12","2001",12.0225806451613,13.4,10.2,2001-12-15
"1150","12_2002","12","2002",13.6258064516129,14.6,12.6,2002-12-15
"1151","12_2003","12","2003",12.7451612903226,13.8,11.4,2003-12-15
"1152","12_2004","12","2004",12.1548387096774,13,10.9,2004-12-15
"1153","12_2005","12","2005",11.8709677419355,13.3,10.1,2005-12-15
"1154","12_2006","12","2006",12.0451612903226,13.6,10.8,2006-12-15
"1155","12_2007","12","2007",11.0612903225806,12.4,10,2007-12-15
"1156","12_2008","12","2008",11.7096774193548,13.2,10.3,2008-12-15
"1157","12_2009","12","2009",11.8451612903226,12.8,10.7,2009-12-15
"1158","12_2010","12","2010",11.8870967741935,13.3,10.6,2010-12-15
"1159","12_2011","12","2011",11.5451612903226,12.8,10.4,2011-12-15
"1160","12_2012","12","2012",13.2096774193548,14.8,11.9,2012-12-15
"1161","12_2013","12","2013",11.6096774193548,12.9,9.6,2013-12-15
"1162","12_2014","12","2014",14.9161290322581,16,12.2,2014-12-15
