"","position","day","code","nest1","nest2","tidalHT","aspect","slope","lon","lat","mean_tempC","max_tempC","min_tempC"
"1","1_Lower",2015-08-01,"LODI","1","Lower",2,0,95,-121.905277,36.621935,16.7279411764706,20,14.5
"2","1_Lower",2015-08-02,"LODI","1","Lower",2,0,95,-121.905277,36.621935,16.6510416666667,19.5,14.5
"3","1_Lower",2015-08-03,"LODI","1","Lower",2,0,95,-121.905277,36.621935,17.9895833333333,27.5,15.5
"4","1_Lower",2015-08-04,"LODI","1","Lower",2,0,95,-121.905277,36.621935,18.578125,27,14.5
"5","1_Lower",2015-08-05,"LODI","1","Lower",2,0,95,-121.905277,36.621935,19.1927083333333,29,15
"6","1_Lower",2015-08-06,"LODI","1","Lower",2,0,95,-121.905277,36.621935,16.9895833333333,18.5,15.5
"7","1_Lower",2015-08-07,"LODI","1","Lower",2,0,95,-121.905277,36.621935,17.7083333333333,24.5,15.5
"8","1_Lower",2015-08-08,"LODI","1","Lower",2,0,95,-121.905277,36.621935,17.3072916666667,22.5,15.5
"9","1_Lower",2015-08-09,"LODI","1","Lower",2,0,95,-121.905277,36.621935,17.34375,22,14.5
"10","1_Lower",2015-08-10,"LODI","1","Lower",2,0,95,-121.905277,36.621935,17.1458333333333,21.5,15.5
"11","1_Lower",2015-08-11,"LODI","1","Lower",2,0,95,-121.905277,36.621935,17.015625,19.5,15.5
"12","1_Lower",2015-08-12,"LODI","1","Lower",2,0,95,-121.905277,36.621935,18.0989583333333,26.5,13.5
"13","1_Lower",2015-08-13,"LODI","1","Lower",2,0,95,-121.905277,36.621935,19.078125,26.5,17
"14","1_Lower",2015-08-14,"LODI","1","Lower",2,0,95,-121.905277,36.621935,18.890625,28,15
"15","1_Lower",2015-08-15,"LODI","1","Lower",2,0,95,-121.905277,36.621935,17.5260416666667,21.5,15
"16","1_Lower",2015-08-16,"LODI","1","Lower",2,0,95,-121.905277,36.621935,17.609375,22,15
"17","1_Lower",2015-08-17,"LODI","1","Lower",2,0,95,-121.905277,36.621935,17.1041666666667,19,15.5
"18","1_Lower",2015-08-18,"LODI","1","Lower",2,0,95,-121.905277,36.621935,16.3854166666667,19.5,15
"19","1_Lower",2015-08-19,"LODI","1","Lower",2,0,95,-121.905277,36.621935,16.1510416666667,20.5,14.5
"20","1_Lower",2015-08-20,"LODI","1","Lower",2,0,95,-121.905277,36.621935,16.671875,20,16
"21","1_Lower",2015-08-21,"LODI","1","Lower",2,0,95,-121.905277,36.621935,16.4479166666667,18,15.5
"22","1_Lower",2015-08-22,"LODI","1","Lower",2,0,95,-121.905277,36.621935,16.8177083333333,19.5,15.5
"23","1_Lower",2015-08-23,"LODI","1","Lower",2,0,95,-121.905277,36.621935,16.84375,19.5,15.5
"24","1_Lower",2015-08-24,"LODI","1","Lower",2,0,95,-121.905277,36.621935,16.7552083333333,21,14.5
"25","1_Lower",2015-08-25,"LODI","1","Lower",2,0,95,-121.905277,36.621935,16.8802083333333,20.5,15
"26","1_Lower",2015-08-26,"LODI","1","Lower",2,0,95,-121.905277,36.621935,16.7708333333333,19,15
"27","1_Lower",2015-08-27,"LODI","1","Lower",2,0,95,-121.905277,36.621935,17.1927083333333,21,14.5
"28","1_Lower",2015-08-28,"LODI","1","Lower",2,0,95,-121.905277,36.621935,17.7708333333333,22.5,15
"29","1_Lower",2015-08-29,"LODI","1","Lower",2,0,95,-121.905277,36.621935,18.3125,21,16.5
"30","1_Lower",2015-08-30,"LODI","1","Lower",2,0,95,-121.905277,36.621935,18.0260416666667,25,15.5
"31","1_Lower",2015-08-31,"LODI","1","Lower",2,0,95,-121.905277,36.621935,16.609375,18,15
"32","1_Lower",2015-09-01,"LODI","1","Lower",2,0,95,-121.905277,36.621935,16.28125,17.5,15.5
"33","1_Lower",2015-09-02,"LODI","1","Lower",2,0,95,-121.905277,36.621935,16.546875,20,14.5
"34","1_Lower",2015-09-03,"LODI","1","Lower",2,0,95,-121.905277,36.621935,15.8072916666667,20,14
"35","1_Lower",2015-09-04,"LODI","1","Lower",2,0,95,-121.905277,36.621935,15.1145833333333,16.5,13.5
"36","1_Lower",2015-09-05,"LODI","1","Lower",2,0,95,-121.905277,36.621935,14.6770833333333,16,13
"37","1_Lower",2015-09-06,"LODI","1","Lower",2,0,95,-121.905277,36.621935,14.9427083333333,16.5,13
"38","1_Lower",2015-09-07,"LODI","1","Lower",2,0,95,-121.905277,36.621935,15.1145833333333,16.5,13
"39","1_Lower",2015-09-08,"LODI","1","Lower",2,0,95,-121.905277,36.621935,14.90625,16.5,13
"40","1_Lower",2015-09-09,"LODI","1","Lower",2,0,95,-121.905277,36.621935,15.21875,17.5,13.5
"41","1_Lower",2015-09-10,"LODI","1","Lower",2,0,95,-121.905277,36.621935,15.6510416666667,17.5,14.5
"42","1_Lower",2015-09-11,"LODI","1","Lower",2,0,95,-121.905277,36.621935,16.0364583333333,17,14.5
"43","1_Lower",2015-09-12,"LODI","1","Lower",2,0,95,-121.905277,36.621935,15.7608695652174,16.5,14.5
"44","1_Upper",2015-08-01,"LODI","1","Upper",3,340,100,-121.905276,36.621938,19.2941176470588,25.5,15
"45","1_Upper",2015-08-02,"LODI","1","Upper",3,340,100,-121.905276,36.621938,19.1770833333333,25.5,16
"46","1_Upper",2015-08-03,"LODI","1","Upper",3,340,100,-121.905276,36.621938,21.0052083333333,32,16
"47","1_Upper",2015-08-04,"LODI","1","Upper",3,340,100,-121.905276,36.621938,21.5729166666667,31,14.5
"48","1_Upper",2015-08-05,"LODI","1","Upper",3,340,100,-121.905276,36.621938,21.9739583333333,33,15
"49","1_Upper",2015-08-06,"LODI","1","Upper",3,340,100,-121.905276,36.621938,17.2864583333333,20.5,15.5
"50","1_Upper",2015-08-07,"LODI","1","Upper",3,340,100,-121.905276,36.621938,19.0260416666667,29.5,15.5
"51","1_Upper",2015-08-08,"LODI","1","Upper",3,340,100,-121.905276,36.621938,18.5677083333333,26.5,15.5
"52","1_Upper",2015-08-09,"LODI","1","Upper",3,340,100,-121.905276,36.621938,18.1510416666667,27,14
"53","1_Upper",2015-08-10,"LODI","1","Upper",3,340,100,-121.905276,36.621938,18.671875,26,15
"54","1_Upper",2015-08-11,"LODI","1","Upper",3,340,100,-121.905276,36.621938,18.453125,24.5,15
"55","1_Upper",2015-08-12,"LODI","1","Upper",3,340,100,-121.905276,36.621938,20.2916666666667,30.5,12.5
"56","1_Upper",2015-08-13,"LODI","1","Upper",3,340,100,-121.905276,36.621938,21.921875,31,18
"57","1_Upper",2015-08-14,"LODI","1","Upper",3,340,100,-121.905276,36.621938,20.84375,32.5,14.5
"58","1_Upper",2015-08-15,"LODI","1","Upper",3,340,100,-121.905276,36.621938,18.875,27,13.5
"59","1_Upper",2015-08-16,"LODI","1","Upper",3,340,100,-121.905276,36.621938,18.828125,26,14.5
"60","1_Upper",2015-08-17,"LODI","1","Upper",3,340,100,-121.905276,36.621938,17.6822916666667,23.5,15
"61","1_Upper",2015-08-18,"LODI","1","Upper",3,340,100,-121.905276,36.621938,17.375,26.5,15
"62","1_Upper",2015-08-19,"LODI","1","Upper",3,340,100,-121.905276,36.621938,17.828125,26,15
"63","1_Upper",2015-08-20,"LODI","1","Upper",3,340,100,-121.905276,36.621938,17.9270833333333,24.5,16
"64","1_Upper",2015-08-21,"LODI","1","Upper",3,340,100,-121.905276,36.621938,17.0572916666667,21,15.5
"65","1_Upper",2015-08-22,"LODI","1","Upper",3,340,100,-121.905276,36.621938,17.3333333333333,24.5,15.5
"66","1_Upper",2015-08-23,"LODI","1","Upper",3,340,100,-121.905276,36.621938,17.9427083333333,25.5,15.5
"67","1_Upper",2015-08-24,"LODI","1","Upper",3,340,100,-121.905276,36.621938,17.59375,25.5,14
"68","1_Upper",2015-08-25,"LODI","1","Upper",3,340,100,-121.905276,36.621938,17.8541666666667,24.5,14.5
"69","1_Upper",2015-08-26,"LODI","1","Upper",3,340,100,-121.905276,36.621938,17.4583333333333,22.5,15
"70","1_Upper",2015-08-27,"LODI","1","Upper",3,340,100,-121.905276,36.621938,19.2760416666667,28,14
"71","1_Upper",2015-08-28,"LODI","1","Upper",3,340,100,-121.905276,36.621938,19.1510416666667,27.5,14.5
"72","1_Upper",2015-08-29,"LODI","1","Upper",3,340,100,-121.905276,36.621938,19.921875,25.5,16.5
"73","1_Upper",2015-08-30,"LODI","1","Upper",3,340,100,-121.905276,36.621938,18.8229166666667,28.5,15
"74","1_Upper",2015-08-31,"LODI","1","Upper",3,340,100,-121.905276,36.621938,16.9583333333333,19.5,14.5
"75","1_Upper",2015-09-01,"LODI","1","Upper",3,340,100,-121.905276,36.621938,16.6197916666667,19,15.5
"76","1_Upper",2015-09-02,"LODI","1","Upper",3,340,100,-121.905276,36.621938,17.1770833333333,23,14
"77","1_Upper",2015-09-03,"LODI","1","Upper",3,340,100,-121.905276,36.621938,16.609375,24.5,13.5
"78","1_Upper",2015-09-04,"LODI","1","Upper",3,340,100,-121.905276,36.621938,15.015625,17.5,13
"79","1_Upper",2015-09-05,"LODI","1","Upper",3,340,100,-121.905276,36.621938,14.6875,18,12.5
"80","1_Upper",2015-09-06,"LODI","1","Upper",3,340,100,-121.905276,36.621938,15.1145833333333,20.5,12
"81","1_Upper",2015-09-07,"LODI","1","Upper",3,340,100,-121.905276,36.621938,15.46875,20.5,12
"82","1_Upper",2015-09-08,"LODI","1","Upper",3,340,100,-121.905276,36.621938,15.6979166666667,22,11.5
"83","1_Upper",2015-09-09,"LODI","1","Upper",3,340,100,-121.905276,36.621938,15.9479166666667,20,13
"84","1_Upper",2015-09-10,"LODI","1","Upper",3,340,100,-121.905276,36.621938,16.6666666666667,20,14.5
"85","1_Upper",2015-09-11,"LODI","1","Upper",3,340,100,-121.905276,36.621938,16.6875,20,14.5
"86","1_Upper",2015-09-12,"LODI","1","Upper",3,340,100,-121.905276,36.621938,15.8478260869565,18.5,14.5
"87","2_Lower",2015-08-01,"LODI","2","Lower",1.4,340,95,-121.905136,36.621896,16.1397058823529,18.5,14
"88","2_Lower",2015-08-02,"LODI","2","Lower",1.4,340,95,-121.905136,36.621896,16.3020833333333,19,14.5
"89","2_Lower",2015-08-03,"LODI","2","Lower",1.4,340,95,-121.905136,36.621896,18.15625,28,15.5
"90","2_Lower",2015-08-04,"LODI","2","Lower",1.4,340,95,-121.905136,36.621896,18.4947916666667,26.5,14.5
"91","2_Lower",2015-08-05,"LODI","2","Lower",1.4,340,95,-121.905136,36.621896,19.3072916666667,28.5,15
"92","2_Lower",2015-08-06,"LODI","2","Lower",1.4,340,95,-121.905136,36.621896,17.3177083333333,18.5,16
"93","2_Lower",2015-08-07,"LODI","2","Lower",1.4,340,95,-121.905136,36.621896,17.4739583333333,22.5,16
"94","2_Lower",2015-08-08,"LODI","2","Lower",1.4,340,95,-121.905136,36.621896,17.3854166666667,21,15.5
"95","2_Lower",2015-08-09,"LODI","2","Lower",1.4,340,95,-121.905136,36.621896,17.2083333333333,20,14.5
"96","2_Lower",2015-08-10,"LODI","2","Lower",1.4,340,95,-121.905136,36.621896,17.2135416666667,20,15.5
"97","2_Lower",2015-08-11,"LODI","2","Lower",1.4,340,95,-121.905136,36.621896,17.1354166666667,20,15.5
"98","2_Lower",2015-08-12,"LODI","2","Lower",1.4,340,95,-121.905136,36.621896,17.8125,24.5,13.5
"99","2_Lower",2015-08-13,"LODI","2","Lower",1.4,340,95,-121.905136,36.621896,18.8177083333333,27,16.5
"100","2_Lower",2015-08-14,"LODI","2","Lower",1.4,340,95,-121.905136,36.621896,18.734375,28,15
"101","2_Lower",2015-08-15,"LODI","2","Lower",1.4,340,95,-121.905136,36.621896,17.46875,22,14.5
"102","2_Lower",2015-08-16,"LODI","2","Lower",1.4,340,95,-121.905136,36.621896,17.421875,21.5,15.5
"103","2_Lower",2015-08-17,"LODI","2","Lower",1.4,340,95,-121.905136,36.621896,17.1302083333333,18.5,15.5
"104","2_Lower",2015-08-18,"LODI","2","Lower",1.4,340,95,-121.905136,36.621896,16.4166666666667,18,15
"105","2_Lower",2015-08-19,"LODI","2","Lower",1.4,340,95,-121.905136,36.621896,15.9114583333333,19.5,14.5
"106","2_Lower",2015-08-20,"LODI","2","Lower",1.4,340,95,-121.905136,36.621896,16.4270833333333,18,15.5
"107","2_Lower",2015-08-21,"LODI","2","Lower",1.4,340,95,-121.905136,36.621896,16.5625,17.5,15.5
"108","2_Lower",2015-08-22,"LODI","2","Lower",1.4,340,95,-121.905136,36.621896,16.9427083333333,18,16
"109","2_Lower",2015-08-23,"LODI","2","Lower",1.4,340,95,-121.905136,36.621896,17.1197916666667,18.5,16
"110","2_Lower",2015-08-24,"LODI","2","Lower",1.4,340,95,-121.905136,36.621896,17.1041666666667,20.5,14.5
"111","2_Lower",2015-08-25,"LODI","2","Lower",1.4,340,95,-121.905136,36.621896,17.0833333333333,19,15
"112","2_Lower",2015-08-26,"LODI","2","Lower",1.4,340,95,-121.905136,36.621896,16.9791666666667,19,15
"113","2_Lower",2015-08-27,"LODI","2","Lower",1.4,340,95,-121.905136,36.621896,16.84375,19,14.5
"114","2_Lower",2015-08-28,"LODI","2","Lower",1.4,340,95,-121.905136,36.621896,17.4791666666667,20,15
"115","2_Lower",2015-08-29,"LODI","2","Lower",1.4,340,95,-121.905136,36.621896,18.125,20,16.5
"116","2_Lower",2015-08-30,"LODI","2","Lower",1.4,340,95,-121.905136,36.621896,17.9791666666667,23.5,15.5
"117","2_Lower",2015-08-31,"LODI","2","Lower",1.4,340,95,-121.905136,36.621896,16.7135416666667,18,15
"118","2_Lower",2015-09-01,"LODI","2","Lower",1.4,340,95,-121.905136,36.621896,16.3385416666667,17.5,15
"119","2_Lower",2015-09-02,"LODI","2","Lower",1.4,340,95,-121.905136,36.621896,16.6197916666667,20.5,15
"120","2_Lower",2015-09-03,"LODI","2","Lower",1.4,340,95,-121.905136,36.621896,15.6770833333333,18.5,14
"121","2_Lower",2015-09-04,"LODI","2","Lower",1.4,340,95,-121.905136,36.621896,15.296875,17,14
"122","2_Lower",2015-09-05,"LODI","2","Lower",1.4,340,95,-121.905136,36.621896,14.890625,16.5,13.5
"123","2_Lower",2015-09-06,"LODI","2","Lower",1.4,340,95,-121.905136,36.621896,15.1510416666667,16.5,13
"124","2_Lower",2015-09-07,"LODI","2","Lower",1.4,340,95,-121.905136,36.621896,15.296875,16.5,13
"125","2_Lower",2015-09-08,"LODI","2","Lower",1.4,340,95,-121.905136,36.621896,14.9791666666667,16.5,13
"126","2_Lower",2015-09-09,"LODI","2","Lower",1.4,340,95,-121.905136,36.621896,15.3958333333333,18,13.5
"127","2_Lower",2015-09-10,"LODI","2","Lower",1.4,340,95,-121.905136,36.621896,15.7083333333333,17,14.5
"128","2_Lower",2015-09-11,"LODI","2","Lower",1.4,340,95,-121.905136,36.621896,16.2552083333333,17.5,15
"129","2_Lower",2015-09-12,"LODI","2","Lower",1.4,340,95,-121.905136,36.621896,15.945652173913,17,15
"130","2_Upper",2015-08-01,"LODI","2","Upper",2.7,340,100,-121.905139,36.621899,18.1029411764706,23.5,16
"131","2_Upper",2015-08-02,"LODI","2","Upper",2.7,340,100,-121.905139,36.621899,18.6927083333333,23,16.5
"132","2_Upper",2015-08-03,"LODI","2","Upper",2.7,340,100,-121.905139,36.621899,19.2604166666667,25.5,16.5
"133","2_Upper",2015-08-04,"LODI","2","Upper",2.7,340,100,-121.905139,36.621899,20.2239583333333,25.5,16
"134","2_Upper",2015-08-05,"LODI","2","Upper",2.7,340,100,-121.905139,36.621899,20.53125,26.5,16.5
"135","2_Upper",2015-08-06,"LODI","2","Upper",2.7,340,100,-121.905139,36.621899,18,20.5,16.5
"136","2_Upper",2015-08-07,"LODI","2","Upper",2.7,340,100,-121.905139,36.621899,18.25,23.5,16
"137","2_Upper",2015-08-08,"LODI","2","Upper",2.7,340,100,-121.905139,36.621899,17.7916666666667,22,16
"138","2_Upper",2015-08-09,"LODI","2","Upper",2.7,340,100,-121.905139,36.621899,17.6197916666667,23,15
"139","2_Upper",2015-08-10,"LODI","2","Upper",2.7,340,100,-121.905139,36.621899,17.46875,21.5,15.5
"140","2_Upper",2015-08-11,"LODI","2","Upper",2.7,340,100,-121.905139,36.621899,17.3125,22.5,16
"141","2_Upper",2015-08-12,"LODI","2","Upper",2.7,340,100,-121.905139,36.621899,18.0833333333333,23.5,14
"142","2_Upper",2015-08-13,"LODI","2","Upper",2.7,340,100,-121.905139,36.621899,19.96875,25.5,18.5
"143","2_Upper",2015-08-14,"LODI","2","Upper",2.7,340,100,-121.905139,36.621899,19.1197916666667,25.5,16
"144","2_Upper",2015-08-15,"LODI","2","Upper",2.7,340,100,-121.905139,36.621899,17.921875,23.5,15.5
"145","2_Upper",2015-08-16,"LODI","2","Upper",2.7,340,100,-121.905139,36.621899,17.7760416666667,22,15.5
"146","2_Upper",2015-08-17,"LODI","2","Upper",2.7,340,100,-121.905139,36.621899,17.4270833333333,20,16
"147","2_Upper",2015-08-18,"LODI","2","Upper",2.7,340,100,-121.905139,36.621899,16.6614583333333,19,15.5
"148","2_Upper",2015-08-19,"LODI","2","Upper",2.7,340,100,-121.905139,36.621899,16.5677083333333,21.5,15
"149","2_Upper",2015-08-20,"LODI","2","Upper",2.7,340,100,-121.905139,36.621899,16.984375,20,16
"150","2_Upper",2015-08-21,"LODI","2","Upper",2.7,340,100,-121.905139,36.621899,16.7864583333333,19,16
"151","2_Upper",2015-08-22,"LODI","2","Upper",2.7,340,100,-121.905139,36.621899,16.9791666666667,20.5,15.5
"152","2_Upper",2015-08-23,"LODI","2","Upper",2.7,340,100,-121.905139,36.621899,16.5729166666667,20.5,16
"153","2_Upper",2015-08-24,"LODI","2","Upper",2.7,340,100,-121.905139,36.621899,16.25,20,15
"154","2_Upper",2015-08-25,"LODI","2","Upper",2.7,340,100,-121.905139,36.621899,16.40625,18.5,15
"155","2_Upper",2015-08-26,"LODI","2","Upper",2.7,340,100,-121.905139,36.621899,16.421875,18.5,15
"156","2_Upper",2015-08-27,"LODI","2","Upper",2.7,340,100,-121.905139,36.621899,16.8125,20.5,14.5
"157","2_Upper",2015-08-28,"LODI","2","Upper",2.7,340,100,-121.905139,36.621899,17.4427083333333,21,15
"158","2_Upper",2015-08-29,"LODI","2","Upper",2.7,340,100,-121.905139,36.621899,18.625,21.5,17
"159","2_Upper",2015-08-30,"LODI","2","Upper",2.7,340,100,-121.905139,36.621899,17.6458333333333,21,15.5
"160","2_Upper",2015-08-31,"LODI","2","Upper",2.7,340,100,-121.905139,36.621899,16.8177083333333,19,15
"161","2_Upper",2015-09-01,"LODI","2","Upper",2.7,340,100,-121.905139,36.621899,16.7083333333333,19,16
"162","2_Upper",2015-09-02,"LODI","2","Upper",2.7,340,100,-121.905139,36.621899,16.6510416666667,19.5,15
"163","2_Upper",2015-09-03,"LODI","2","Upper",2.7,340,100,-121.905139,36.621899,15.765625,18.5,14
"164","2_Upper",2015-09-04,"LODI","2","Upper",2.7,340,100,-121.905139,36.621899,14.9010416666667,16.5,13.5
"165","2_Upper",2015-09-05,"LODI","2","Upper",2.7,340,100,-121.905139,36.621899,14.359375,16,13
"166","2_Upper",2015-09-06,"LODI","2","Upper",2.7,340,100,-121.905139,36.621899,14.4375,16,13
"167","2_Upper",2015-09-07,"LODI","2","Upper",2.7,340,100,-121.905139,36.621899,14.6770833333333,16,12.5
"168","2_Upper",2015-09-08,"LODI","2","Upper",2.7,340,100,-121.905139,36.621899,14.875,17,12.5
"169","2_Upper",2015-09-09,"LODI","2","Upper",2.7,340,100,-121.905139,36.621899,15.1197916666667,17.5,13.5
"170","2_Upper",2015-09-10,"LODI","2","Upper",2.7,340,100,-121.905139,36.621899,15.9010416666667,18,15
"171","2_Upper",2015-09-11,"LODI","2","Upper",2.7,340,100,-121.905139,36.621899,15.9947916666667,18,15
"172","2_Upper",2015-09-12,"LODI","2","Upper",2.7,340,100,-121.905139,36.621899,15.7880434782609,17,15
"173","3_Lower",2015-08-01,"LODI","3","Lower",1.1,30,100,-121.904816,36.622043,15.9117647058824,19,14.5
"174","3_Lower",2015-08-02,"LODI","3","Lower",1.1,30,100,-121.904816,36.622043,16.1458333333333,20,14.5
"175","3_Lower",2015-08-03,"LODI","3","Lower",1.1,30,100,-121.904816,36.622043,18.0052083333333,28.5,15.5
"176","3_Lower",2015-08-04,"LODI","3","Lower",1.1,30,100,-121.904816,36.622043,18.7083333333333,28.5,15
"177","3_Lower",2015-08-05,"LODI","3","Lower",1.1,30,100,-121.904816,36.622043,19.2552083333333,28.5,15
"178","3_Lower",2015-08-06,"LODI","3","Lower",1.1,30,100,-121.904816,36.622043,17.0416666666667,19,16
"179","3_Lower",2015-08-07,"LODI","3","Lower",1.1,30,100,-121.904816,36.622043,17.7864583333333,25,16
"180","3_Lower",2015-08-08,"LODI","3","Lower",1.1,30,100,-121.904816,36.622043,17.4166666666667,23.5,15.5
"181","3_Lower",2015-08-09,"LODI","3","Lower",1.1,30,100,-121.904816,36.622043,17.59375,23,15
"182","3_Lower",2015-08-10,"LODI","3","Lower",1.1,30,100,-121.904816,36.622043,17.4010416666667,21.5,15.5
"183","3_Lower",2015-08-11,"LODI","3","Lower",1.1,30,100,-121.904816,36.622043,17.0260416666667,21,15.5
"184","3_Lower",2015-08-12,"LODI","3","Lower",1.1,30,100,-121.904816,36.622043,18.1770833333333,26.5,14
"185","3_Lower",2015-08-13,"LODI","3","Lower",1.1,30,100,-121.904816,36.622043,19.046875,27.5,17
"186","3_Lower",2015-08-14,"LODI","3","Lower",1.1,30,100,-121.904816,36.622043,18.8177083333333,28.5,15.5
"187","3_Lower",2015-08-15,"LODI","3","Lower",1.1,30,100,-121.904816,36.622043,17.5572916666667,23,15
"188","3_Lower",2015-08-16,"LODI","3","Lower",1.1,30,100,-121.904816,36.622043,17.140625,19,15.5
"189","3_Lower",2015-08-17,"LODI","3","Lower",1.1,30,100,-121.904816,36.622043,16.828125,19,15.5
"190","3_Lower",2015-08-18,"LODI","3","Lower",1.1,30,100,-121.904816,36.622043,16.2395833333333,18,14.5
"191","3_Lower",2015-08-19,"LODI","3","Lower",1.1,30,100,-121.904816,36.622043,15.8697916666667,20,14.5
"192","3_Lower",2015-08-20,"LODI","3","Lower",1.1,30,100,-121.904816,36.622043,16.3645833333333,18.5,15.5
"193","3_Lower",2015-08-21,"LODI","3","Lower",1.1,30,100,-121.904816,36.622043,16.3541666666667,18,15.5
"194","3_Lower",2015-08-22,"LODI","3","Lower",1.1,30,100,-121.904816,36.622043,16.7604166666667,19,15.5
"195","3_Lower",2015-08-23,"LODI","3","Lower",1.1,30,100,-121.904816,36.622043,16.9791666666667,20.5,16
"196","3_Lower",2015-08-24,"LODI","3","Lower",1.1,30,100,-121.904816,36.622043,17.0052083333333,23,15
"197","3_Lower",2015-08-25,"LODI","3","Lower",1.1,30,100,-121.904816,36.622043,16.9635416666667,20.5,15.5
"198","3_Lower",2015-08-26,"LODI","3","Lower",1.1,30,100,-121.904816,36.622043,16.8489583333333,19,15.5
"199","3_Lower",2015-08-27,"LODI","3","Lower",1.1,30,100,-121.904816,36.622043,16.8072916666667,20.5,15
"200","3_Lower",2015-08-28,"LODI","3","Lower",1.1,30,100,-121.904816,36.622043,17.484375,22,15.5
"201","3_Lower",2015-08-29,"LODI","3","Lower",1.1,30,100,-121.904816,36.622043,17.9791666666667,20.5,16.5
"202","3_Lower",2015-08-30,"LODI","3","Lower",1.1,30,100,-121.904816,36.622043,17.9583333333333,24,16
"203","3_Lower",2015-08-31,"LODI","3","Lower",1.1,30,100,-121.904816,36.622043,16.4895833333333,17.5,15
"204","3_Lower",2015-09-01,"LODI","3","Lower",1.1,30,100,-121.904816,36.622043,16.203125,17,15.5
"205","3_Lower",2015-09-02,"LODI","3","Lower",1.1,30,100,-121.904816,36.622043,16.5416666666667,20.5,15
"206","3_Lower",2015-09-03,"LODI","3","Lower",1.1,30,100,-121.904816,36.622043,15.578125,19.5,14
"207","3_Lower",2015-09-04,"LODI","3","Lower",1.1,30,100,-121.904816,36.622043,15.0364583333333,16.5,14
"208","3_Lower",2015-09-05,"LODI","3","Lower",1.1,30,100,-121.904816,36.622043,14.7864583333333,16,14
"209","3_Lower",2015-09-06,"LODI","3","Lower",1.1,30,100,-121.904816,36.622043,15.1979166666667,16.5,14.5
"210","3_Lower",2015-09-07,"LODI","3","Lower",1.1,30,100,-121.904816,36.622043,15.140625,16.5,14
"211","3_Lower",2015-09-08,"LODI","3","Lower",1.1,30,100,-121.904816,36.622043,14.796875,16,14
"212","3_Lower",2015-09-09,"LODI","3","Lower",1.1,30,100,-121.904816,36.622043,15.2760416666667,17.5,14
"213","3_Lower",2015-09-10,"LODI","3","Lower",1.1,30,100,-121.904816,36.622043,15.5677083333333,17,14.5
"214","3_Lower",2015-09-11,"LODI","3","Lower",1.1,30,100,-121.904816,36.622043,16.0520833333333,17,15
"215","3_Lower",2015-09-12,"LODI","3","Lower",1.1,30,100,-121.904816,36.622043,15.75,16.5,15
"216","3_Upper",2015-08-01,"LODI","3","Upper",2.1,30,90,-121.90481,36.622036,18.1691176470588,25.5,15
"217","3_Upper",2015-08-02,"LODI","3","Upper",2.1,30,90,-121.90481,36.622036,18.3541666666667,24.5,15.5
"218","3_Upper",2015-08-03,"LODI","3","Upper",2.1,30,90,-121.90481,36.622036,20.40625,34.5,16.5
"219","3_Upper",2015-08-04,"LODI","3","Upper",2.1,30,90,-121.90481,36.622036,21.4635416666667,33,16
"220","3_Upper",2015-08-05,"LODI","3","Upper",2.1,30,90,-121.90481,36.622036,22.3802083333333,36.5,16.5
"221","3_Upper",2015-08-06,"LODI","3","Upper",2.1,30,90,-121.90481,36.622036,17.8333333333333,20.5,16
"222","3_Upper",2015-08-07,"LODI","3","Upper",2.1,30,90,-121.90481,36.622036,18.3541666666667,27,16
"223","3_Upper",2015-08-08,"LODI","3","Upper",2.1,30,90,-121.90481,36.622036,18.4322916666667,26,16.5
"224","3_Upper",2015-08-09,"LODI","3","Upper",2.1,30,90,-121.90481,36.622036,18.4427083333333,28,14.5
"225","3_Upper",2015-08-10,"LODI","3","Upper",2.1,30,90,-121.90481,36.622036,18.5520833333333,26.5,16
"226","3_Upper",2015-08-11,"LODI","3","Upper",2.1,30,90,-121.90481,36.622036,17.8541666666667,26,15.5
"227","3_Upper",2015-08-12,"LODI","3","Upper",2.1,30,90,-121.90481,36.622036,20.234375,33,14
"228","3_Upper",2015-08-13,"LODI","3","Upper",2.1,30,90,-121.90481,36.622036,21.6041666666667,33.5,18.5
"229","3_Upper",2015-08-14,"LODI","3","Upper",2.1,30,90,-121.90481,36.622036,21.03125,35,16
"230","3_Upper",2015-08-15,"LODI","3","Upper",2.1,30,90,-121.90481,36.622036,19.3177083333333,31,15
"231","3_Upper",2015-08-16,"LODI","3","Upper",2.1,30,90,-121.90481,36.622036,18.7552083333333,26,15.5
"232","3_Upper",2015-08-17,"LODI","3","Upper",2.1,30,90,-121.90481,36.622036,17.7395833333333,22.5,16
"233","3_Upper",2015-08-18,"LODI","3","Upper",2.1,30,90,-121.90481,36.622036,17.390625,26,15.5
"234","3_Upper",2015-08-19,"LODI","3","Upper",2.1,30,90,-121.90481,36.622036,17.828125,27.5,15.5
"235","3_Upper",2015-08-20,"LODI","3","Upper",2.1,30,90,-121.90481,36.622036,18.0625,24,16.5
"236","3_Upper",2015-08-21,"LODI","3","Upper",2.1,30,90,-121.90481,36.622036,17.34375,21,15.5
"237","3_Upper",2015-08-22,"LODI","3","Upper",2.1,30,90,-121.90481,36.622036,17.4166666666667,23.5,15.5
"238","3_Upper",2015-08-23,"LODI","3","Upper",2.1,30,90,-121.90481,36.622036,17.6145833333333,27,16
"239","3_Upper",2015-08-24,"LODI","3","Upper",2.1,30,90,-121.90481,36.622036,17.5,26.5,15.5
"240","3_Upper",2015-08-25,"LODI","3","Upper",2.1,30,90,-121.90481,36.622036,17.7447916666667,24,15.5
"241","3_Upper",2015-08-26,"LODI","3","Upper",2.1,30,90,-121.90481,36.622036,17.2604166666667,23,15.5
"242","3_Upper",2015-08-27,"LODI","3","Upper",2.1,30,90,-121.90481,36.622036,19.2552083333333,31.5,15
"243","3_Upper",2015-08-28,"LODI","3","Upper",2.1,30,90,-121.90481,36.622036,19.25,29,15.5
"244","3_Upper",2015-08-29,"LODI","3","Upper",2.1,30,90,-121.90481,36.622036,19.7083333333333,28,17
"245","3_Upper",2015-08-30,"LODI","3","Upper",2.1,30,90,-121.90481,36.622036,19.1302083333333,31.5,15.5
"246","3_Upper",2015-08-31,"LODI","3","Upper",2.1,30,90,-121.90481,36.622036,17.0885416666667,21,15
"247","3_Upper",2015-09-01,"LODI","3","Upper",2.1,30,90,-121.90481,36.622036,16.7395833333333,18.5,15.5
"248","3_Upper",2015-09-02,"LODI","3","Upper",2.1,30,90,-121.90481,36.622036,17.2864583333333,25,14.5
"249","3_Upper",2015-09-03,"LODI","3","Upper",2.1,30,90,-121.90481,36.622036,16.8229166666667,25,14
"250","3_Upper",2015-09-04,"LODI","3","Upper",2.1,30,90,-121.90481,36.622036,15.2291666666667,17.5,14
"251","3_Upper",2015-09-05,"LODI","3","Upper",2.1,30,90,-121.90481,36.622036,14.828125,18.5,13.5
"252","3_Upper",2015-09-06,"LODI","3","Upper",2.1,30,90,-121.90481,36.622036,15.4166666666667,20,13.5
"253","3_Upper",2015-09-07,"LODI","3","Upper",2.1,30,90,-121.90481,36.622036,15.671875,22,13
"254","3_Upper",2015-09-08,"LODI","3","Upper",2.1,30,90,-121.90481,36.622036,15.8854166666667,22.5,13
"255","3_Upper",2015-09-09,"LODI","3","Upper",2.1,30,90,-121.90481,36.622036,16.21875,23,13.5
"256","3_Upper",2015-09-10,"LODI","3","Upper",2.1,30,90,-121.90481,36.622036,16.6510416666667,22,15
"257","3_Upper",2015-09-11,"LODI","3","Upper",2.1,30,90,-121.90481,36.622036,16.8385416666667,22,15
"258","3_Upper",2015-09-12,"LODI","3","Upper",2.1,30,90,-121.90481,36.622036,16.0923913043478,17.5,15
"259","A_Crack",2015-08-01,"LIKE","A","Crack",2.7,280,0,-121.905141,36.621852,18.4264705882353,28,15.5
"260","A_Crack",2015-08-02,"LIKE","A","Crack",2.7,280,0,-121.905141,36.621852,18.9791666666667,27,17
"261","A_Crack",2015-08-03,"LIKE","A","Crack",2.7,280,0,-121.905141,36.621852,19.3958333333333,29,17
"262","A_Crack",2015-08-04,"LIKE","A","Crack",2.7,280,0,-121.905141,36.621852,20.3385416666667,30.5,18
"263","A_Crack",2015-08-05,"LIKE","A","Crack",2.7,280,0,-121.905141,36.621852,19.5052083333333,24,18
"264","A_Crack",2015-08-06,"LIKE","A","Crack",2.7,280,0,-121.905141,36.621852,17.671875,18.5,17
"265","A_Crack",2015-08-07,"LIKE","A","Crack",2.7,280,0,-121.905141,36.621852,18.546875,28.5,16.5
"266","A_Crack",2015-08-08,"LIKE","A","Crack",2.7,280,0,-121.905141,36.621852,18.9270833333333,27,17.5
"267","A_Crack",2015-08-09,"LIKE","A","Crack",2.7,280,0,-121.905141,36.621852,17.390625,21.5,16
"268","A_Crack",2015-08-10,"LIKE","A","Crack",2.7,280,0,-121.905141,36.621852,18.0625,28,16
"269","A_Crack",2015-08-11,"LIKE","A","Crack",2.7,280,0,-121.905141,36.621852,18.1145833333333,27.5,16.5
"270","A_Crack",2015-08-12,"LIKE","A","Crack",2.7,280,0,-121.905141,36.621852,18.796875,29,16
"271","A_Crack",2015-08-13,"LIKE","A","Crack",2.7,280,0,-121.905141,36.621852,21.0104166666667,29.5,18.5
"272","A_Crack",2015-08-14,"LIKE","A","Crack",2.7,280,0,-121.905141,36.621852,19.6770833333333,27.5,17.5
"273","A_Crack",2015-08-15,"LIKE","A","Crack",2.7,280,0,-121.905141,36.621852,19.5052083333333,30.5,17
"274","A_Crack",2015-08-16,"LIKE","A","Crack",2.7,280,0,-121.905141,36.621852,18.984375,24,17
"275","A_Crack",2015-08-17,"LIKE","A","Crack",2.7,280,0,-121.905141,36.621852,18,21,16.5
"276","A_Crack",2015-08-18,"LIKE","A","Crack",2.7,280,0,-121.905141,36.621852,17.4583333333333,25,16
"277","A_Crack",2015-08-19,"LIKE","A","Crack",2.7,280,0,-121.905141,36.621852,18.0729166666667,27,16.5
"278","A_Crack",2015-08-20,"LIKE","A","Crack",2.7,280,0,-121.905141,36.621852,18.3020833333333,23,17
"279","A_Crack",2015-08-21,"LIKE","A","Crack",2.7,280,0,-121.905141,36.621852,16.9583333333333,18.5,16.5
"280","A_Crack",2015-08-22,"LIKE","A","Crack",2.7,280,0,-121.905141,36.621852,17.125,25,16
"281","A_Crack",2015-08-23,"LIKE","A","Crack",2.7,280,0,-121.905141,36.621852,17.6197916666667,27.5,16
"282","A_Crack",2015-08-24,"LIKE","A","Crack",2.7,280,0,-121.905141,36.621852,18.1979166666667,27,16.5
"283","A_Crack",2015-08-25,"LIKE","A","Crack",2.7,280,0,-121.905141,36.621852,18.0885416666667,27.5,16.5
"284","A_Crack",2015-08-26,"LIKE","A","Crack",2.7,280,0,-121.905141,36.621852,17.65625,26,16
"285","A_Crack",2015-08-27,"LIKE","A","Crack",2.7,280,0,-121.905141,36.621852,17.9583333333333,27.5,16
"286","A_Crack",2015-08-28,"LIKE","A","Crack",2.7,280,0,-121.905141,36.621852,18.703125,28.5,16.5
"287","A_Crack",2015-08-29,"LIKE","A","Crack",2.7,280,0,-121.905141,36.621852,19.75,29,18
"288","A_Crack",2015-08-30,"LIKE","A","Crack",2.7,280,0,-121.905141,36.621852,18.5,24.5,17
"289","A_Crack",2015-08-31,"LIKE","A","Crack",2.7,280,0,-121.905141,36.621852,17.3645833333333,20.5,16
"290","A_Crack",2015-09-01,"LIKE","A","Crack",2.7,280,0,-121.905141,36.621852,16.4583333333333,18,15.5
"291","A_Crack",2015-09-02,"LIKE","A","Crack",2.7,280,0,-121.905141,36.621852,16.6302083333333,18.5,15.5
"292","A_Crack",2015-09-03,"LIKE","A","Crack",2.7,280,0,-121.905141,36.621852,16.140625,19,15
"293","A_Crack",2015-09-04,"LIKE","A","Crack",2.7,280,0,-121.905141,36.621852,15.0989583333333,16.5,14
"294","A_Crack",2015-09-05,"LIKE","A","Crack",2.7,280,0,-121.905141,36.621852,14.8697916666667,20.5,13.5
"295","A_Crack",2015-09-06,"LIKE","A","Crack",2.7,280,0,-121.905141,36.621852,15.2083333333333,23,14
"296","A_Crack",2015-09-07,"LIKE","A","Crack",2.7,280,0,-121.905141,36.621852,15.828125,26.5,14
"297","A_Crack",2015-09-08,"LIKE","A","Crack",2.7,280,0,-121.905141,36.621852,16.0677083333333,26,14
"298","A_Crack",2015-09-09,"LIKE","A","Crack",2.7,280,0,-121.905141,36.621852,16.2083333333333,25.5,14
"299","A_Crack",2015-09-10,"LIKE","A","Crack",2.7,280,0,-121.905141,36.621852,16.8385416666667,25,15.5
"300","A_Crack",2015-09-11,"LIKE","A","Crack",2.7,280,0,-121.905141,36.621852,17.1770833333333,24,15.5
"301","A_Crack",2015-09-12,"LIKE","A","Crack",2.7,280,0,-121.905141,36.621852,15.9184782608696,19,15
"302","A_Face",2015-08-01,"LIKE","A","Face",2.85,280,110,-121.905138,36.621845,20.9191176470588,35,15.5
"303","A_Face",2015-08-02,"LIKE","A","Face",2.85,280,110,-121.905138,36.621845,22.3125,35.5,17
"304","A_Face",2015-08-03,"LIKE","A","Face",2.85,280,110,-121.905138,36.621845,21.921875,36,17
"305","A_Face",2015-08-04,"LIKE","A","Face",2.85,280,110,-121.905138,36.621845,21.8177083333333,35,16.5
"306","A_Face",2015-08-05,"LIKE","A","Face",2.85,280,110,-121.905138,36.621845,20.0052083333333,28,16
"307","A_Face",2015-08-06,"LIKE","A","Face",2.85,280,110,-121.905138,36.621845,18.1145833333333,22,16
"308","A_Face",2015-08-07,"LIKE","A","Face",2.85,280,110,-121.905138,36.621845,20.0208333333333,29,16.5
"309","A_Face",2015-08-08,"LIKE","A","Face",2.85,280,110,-121.905138,36.621845,20.1875,28.5,17.5
"310","A_Face",2015-08-09,"LIKE","A","Face",2.85,280,110,-121.905138,36.621845,18.1979166666667,25,15
"311","A_Face",2015-08-10,"LIKE","A","Face",2.85,280,110,-121.905138,36.621845,18.4114583333333,26.5,15.5
"312","A_Face",2015-08-11,"LIKE","A","Face",2.85,280,110,-121.905138,36.621845,19.0729166666667,33,15.5
"313","A_Face",2015-08-12,"LIKE","A","Face",2.85,280,110,-121.905138,36.621845,19.7760416666667,35.5,14.5
"314","A_Face",2015-08-13,"LIKE","A","Face",2.85,280,110,-121.905138,36.621845,22.75,36,19
"315","A_Face",2015-08-14,"LIKE","A","Face",2.85,280,110,-121.905138,36.621845,20.9895833333333,35.5,16
"316","A_Face",2015-08-15,"LIKE","A","Face",2.85,280,110,-121.905138,36.621845,20.8854166666667,35,15
"317","A_Face",2015-08-16,"LIKE","A","Face",2.85,280,110,-121.905138,36.621845,20.5052083333333,35.5,15.5
"318","A_Face",2015-08-17,"LIKE","A","Face",2.85,280,110,-121.905138,36.621845,19.859375,33.5,16
"319","A_Face",2015-08-18,"LIKE","A","Face",2.85,280,110,-121.905138,36.621845,18.9010416666667,30,16
"320","A_Face",2015-08-19,"LIKE","A","Face",2.85,280,110,-121.905138,36.621845,19.5104166666667,29.5,16
"321","A_Face",2015-08-20,"LIKE","A","Face",2.85,280,110,-121.905138,36.621845,19.390625,23.5,17
"322","A_Face",2015-08-21,"LIKE","A","Face",2.85,280,110,-121.905138,36.621845,17.8333333333333,22,16
"323","A_Face",2015-08-22,"LIKE","A","Face",2.85,280,110,-121.905138,36.621845,17.9583333333333,24,16
"324","A_Face",2015-08-23,"LIKE","A","Face",2.85,280,110,-121.905138,36.621845,18.4479166666667,27,15.5
"325","A_Face",2015-08-24,"LIKE","A","Face",2.85,280,110,-121.905138,36.621845,18.9427083333333,27.5,15.5
"326","A_Face",2015-08-25,"LIKE","A","Face",2.85,280,110,-121.905138,36.621845,18.609375,27.5,15.5
"327","A_Face",2015-08-26,"LIKE","A","Face",2.85,280,110,-121.905138,36.621845,18.1614583333333,29.5,15.5
"328","A_Face",2015-08-27,"LIKE","A","Face",2.85,280,110,-121.905138,36.621845,18.8385416666667,34,15
"329","A_Face",2015-08-28,"LIKE","A","Face",2.85,280,110,-121.905138,36.621845,19.8072916666667,33,15.5
"330","A_Face",2015-08-29,"LIKE","A","Face",2.85,280,110,-121.905138,36.621845,20.9427083333333,32.5,17
"331","A_Face",2015-08-30,"LIKE","A","Face",2.85,280,110,-121.905138,36.621845,19.3489583333333,32,15.5
"332","A_Face",2015-08-31,"LIKE","A","Face",2.85,280,110,-121.905138,36.621845,18.09375,27.5,15
"333","A_Face",2015-09-01,"LIKE","A","Face",2.85,280,110,-121.905138,36.621845,17.703125,24,16
"334","A_Face",2015-09-02,"LIKE","A","Face",2.85,280,110,-121.905138,36.621845,17.578125,25,14.5
"335","A_Face",2015-09-03,"LIKE","A","Face",2.85,280,110,-121.905138,36.621845,16.484375,22,14
"336","A_Face",2015-09-04,"LIKE","A","Face",2.85,280,110,-121.905138,36.621845,15.2135416666667,20,13.5
"337","A_Face",2015-09-05,"LIKE","A","Face",2.85,280,110,-121.905138,36.621845,14.640625,18.5,12.5
"338","A_Face",2015-09-06,"LIKE","A","Face",2.85,280,110,-121.905138,36.621845,14.875,19.5,12.5
"339","A_Face",2015-09-07,"LIKE","A","Face",2.85,280,110,-121.905138,36.621845,15.5833333333333,23.5,12.5
"340","A_Face",2015-09-08,"LIKE","A","Face",2.85,280,110,-121.905138,36.621845,16.40625,27,12.5
"341","A_Face",2015-09-09,"LIKE","A","Face",2.85,280,110,-121.905138,36.621845,16.84375,30.5,13.5
"342","A_Face",2015-09-10,"LIKE","A","Face",2.85,280,110,-121.905138,36.621845,17.8072916666667,30.5,15
"343","A_Face",2015-09-11,"LIKE","A","Face",2.85,280,110,-121.905138,36.621845,17.9947916666667,29,15
"344","A_Face",2015-09-12,"LIKE","A","Face",2.85,280,110,-121.905138,36.621845,16.2391304347826,22,15
"345","B_Crack",2015-08-01,"LIKE","B","Crack",3.6,260,10,-121.905125,36.621878,23.6544117647059,37,17.5
"346","B_Crack",2015-08-02,"LIKE","B","Crack",3.6,260,10,-121.905125,36.621878,24.859375,37.5,19
"347","B_Crack",2015-08-03,"LIKE","B","Crack",3.6,260,10,-121.905125,36.621878,25.1458333333333,38,19
"348","B_Crack",2015-08-04,"LIKE","B","Crack",3.6,260,10,-121.905125,36.621878,24.1354166666667,36.5,18.5
"349","B_Crack",2015-08-05,"LIKE","B","Crack",3.6,260,10,-121.905125,36.621878,22.4791666666667,31.5,18
"350","B_Crack",2015-08-06,"LIKE","B","Crack",3.6,260,10,-121.905125,36.621878,19.7395833333333,25.5,17.5
"351","B_Crack",2015-08-07,"LIKE","B","Crack",3.6,260,10,-121.905125,36.621878,22.0989583333333,35,17.5
"352","B_Crack",2015-08-08,"LIKE","B","Crack",3.6,260,10,-121.905125,36.621878,23.546875,34,19.5
"353","B_Crack",2015-08-09,"LIKE","B","Crack",3.6,260,10,-121.905125,36.621878,20.1510416666667,26,17.5
"354","B_Crack",2015-08-10,"LIKE","B","Crack",3.6,260,10,-121.905125,36.621878,20.5416666666667,33,17
"355","B_Crack",2015-08-11,"LIKE","B","Crack",3.6,260,10,-121.905125,36.621878,22.078125,35.5,17
"356","B_Crack",2015-08-12,"LIKE","B","Crack",3.6,260,10,-121.905125,36.621878,23.6197916666667,38.5,17
"357","B_Crack",2015-08-13,"LIKE","B","Crack",3.6,260,10,-121.905125,36.621878,25.7135416666667,37.5,19.5
"358","B_Crack",2015-08-14,"LIKE","B","Crack",3.6,260,10,-121.905125,36.621878,24.6197916666667,38,18.5
"359","B_Crack",2015-08-15,"LIKE","B","Crack",3.6,260,10,-121.905125,36.621878,25.0260416666667,39.5,18
"360","B_Crack",2015-08-16,"LIKE","B","Crack",3.6,260,10,-121.905125,36.621878,24.2864583333333,36.5,18
"361","B_Crack",2015-08-17,"LIKE","B","Crack",3.6,260,10,-121.905125,36.621878,22.1510416666667,35,17.5
"362","B_Crack",2015-08-18,"LIKE","B","Crack",3.6,260,10,-121.905125,36.621878,21.3541666666667,33,17
"363","B_Crack",2015-08-19,"LIKE","B","Crack",3.6,260,10,-121.905125,36.621878,22.1770833333333,34,17.5
"364","B_Crack",2015-08-20,"LIKE","B","Crack",3.6,260,10,-121.905125,36.621878,21.890625,30,18.5
"365","B_Crack",2015-08-21,"LIKE","B","Crack",3.6,260,10,-121.905125,36.621878,19.2395833333333,23.5,17.5
"366","B_Crack",2015-08-22,"LIKE","B","Crack",3.6,260,10,-121.905125,36.621878,19.5625,31,17
"367","B_Crack",2015-08-23,"LIKE","B","Crack",3.6,260,10,-121.905125,36.621878,21.390625,36.5,17
"368","B_Crack",2015-08-24,"LIKE","B","Crack",3.6,260,10,-121.905125,36.621878,23.4583333333333,36,18
"369","B_Crack",2015-08-25,"LIKE","B","Crack",3.6,260,10,-121.905125,36.621878,23.078125,35.5,17.5
"370","B_Crack",2015-08-26,"LIKE","B","Crack",3.6,260,10,-121.905125,36.621878,21.5885416666667,34,17
"371","B_Crack",2015-08-27,"LIKE","B","Crack",3.6,260,10,-121.905125,36.621878,22.828125,39,17
"372","B_Crack",2015-08-28,"LIKE","B","Crack",3.6,260,10,-121.905125,36.621878,23.8697916666667,39,17.5
"373","B_Crack",2015-08-29,"LIKE","B","Crack",3.6,260,10,-121.905125,36.621878,24.2239583333333,37,18.5
"374","B_Crack",2015-08-30,"LIKE","B","Crack",3.6,260,10,-121.905125,36.621878,22.203125,33.5,17
"375","B_Crack",2015-08-31,"LIKE","B","Crack",3.6,260,10,-121.905125,36.621878,20.2760416666667,30.5,16.5
"376","B_Crack",2015-09-01,"LIKE","B","Crack",3.6,260,10,-121.905125,36.621878,18.546875,25.5,16
"377","B_Crack",2015-09-02,"LIKE","B","Crack",3.6,260,10,-121.905125,36.621878,19.1302083333333,29,15.5
"378","B_Crack",2015-09-03,"LIKE","B","Crack",3.6,260,10,-121.905125,36.621878,18.3697916666667,24,15.5
"379","B_Crack",2015-09-04,"LIKE","B","Crack",3.6,260,10,-121.905125,36.621878,16.265625,21.5,14
"380","B_Crack",2015-09-05,"LIKE","B","Crack",3.6,260,10,-121.905125,36.621878,16.7864583333333,27,13
"381","B_Crack",2015-09-06,"LIKE","B","Crack",3.6,260,10,-121.905125,36.621878,17.6041666666667,30,13
"382","B_Crack",2015-09-07,"LIKE","B","Crack",3.6,260,10,-121.905125,36.621878,18.5625,34,13.5
"383","B_Crack",2015-09-08,"LIKE","B","Crack",3.6,260,10,-121.905125,36.621878,19.640625,35.5,14
"384","B_Crack",2015-09-09,"LIKE","B","Crack",3.6,260,10,-121.905125,36.621878,19.7760416666667,34.5,14.5
"385","B_Crack",2015-09-10,"LIKE","B","Crack",3.6,260,10,-121.905125,36.621878,20.4322916666667,34.5,16
"386","B_Crack",2015-09-11,"LIKE","B","Crack",3.6,260,10,-121.905125,36.621878,20.4375,33,16
"387","B_Crack",2015-09-12,"LIKE","B","Crack",3.6,260,10,-121.905125,36.621878,17.1467391304348,24,15.5
"388","B_Face",2015-08-01,"LIKE","B","Face",4.2,200,135,-121.90512,36.621864,26.3602941176471,42.5,18
"389","B_Face",2015-08-02,"LIKE","B","Face",4.2,200,135,-121.90512,36.621864,26.6458333333333,43,19
"390","B_Face",2015-08-03,"LIKE","B","Face",4.2,200,135,-121.90512,36.621864,26.671875,42.5,19.5
"391","B_Face",2015-08-04,"LIKE","B","Face",4.2,200,135,-121.90512,36.621864,25.375,40,17.5
"392","B_Face",2015-08-05,"LIKE","B","Face",4.2,200,135,-121.90512,36.621864,23.6458333333333,38,17.5
"393","B_Face",2015-08-06,"LIKE","B","Face",4.2,200,135,-121.90512,36.621864,20.4114583333333,26,17.5
"394","B_Face",2015-08-07,"LIKE","B","Face",4.2,200,135,-121.90512,36.621864,23.4791666666667,39,17.5
"395","B_Face",2015-08-08,"LIKE","B","Face",4.2,200,135,-121.90512,36.621864,24.703125,38,19.5
"396","B_Face",2015-08-09,"LIKE","B","Face",4.2,200,135,-121.90512,36.621864,21.4010416666667,32.5,16.5
"397","B_Face",2015-08-10,"LIKE","B","Face",4.2,200,135,-121.90512,36.621864,22.015625,38.5,16.5
"398","B_Face",2015-08-11,"LIKE","B","Face",4.2,200,135,-121.90512,36.621864,23.3854166666667,40,16.5
"399","B_Face",2015-08-12,"LIKE","B","Face",4.2,200,135,-121.90512,36.621864,24.6354166666667,42,16
"400","B_Face",2015-08-13,"LIKE","B","Face",4.2,200,135,-121.90512,36.621864,26.90625,41,19.5
"401","B_Face",2015-08-14,"LIKE","B","Face",4.2,200,135,-121.90512,36.621864,25.7083333333333,41.5,17.5
"402","B_Face",2015-08-15,"LIKE","B","Face",4.2,200,135,-121.90512,36.621864,26.328125,44,17.5
"403","B_Face",2015-08-16,"LIKE","B","Face",4.2,200,135,-121.90512,36.621864,25.0989583333333,39.5,17.5
"404","B_Face",2015-08-17,"LIKE","B","Face",4.2,200,135,-121.90512,36.621864,23.1354166666667,37,17
"405","B_Face",2015-08-18,"LIKE","B","Face",4.2,200,135,-121.90512,36.621864,22.8072916666667,37,17
"406","B_Face",2015-08-19,"LIKE","B","Face",4.2,200,135,-121.90512,36.621864,23.8072916666667,40.5,17.5
"407","B_Face",2015-08-20,"LIKE","B","Face",4.2,200,135,-121.90512,36.621864,22.8854166666667,35.5,18.5
"408","B_Face",2015-08-21,"LIKE","B","Face",4.2,200,135,-121.90512,36.621864,20.3177083333333,27.5,17.5
"409","B_Face",2015-08-22,"LIKE","B","Face",4.2,200,135,-121.90512,36.621864,20.6510416666667,37.5,17
"410","B_Face",2015-08-23,"LIKE","B","Face",4.2,200,135,-121.90512,36.621864,22.9322916666667,39.5,16.5
"411","B_Face",2015-08-24,"LIKE","B","Face",4.2,200,135,-121.90512,36.621864,24.9010416666667,39.5,17
"412","B_Face",2015-08-25,"LIKE","B","Face",4.2,200,135,-121.90512,36.621864,24.234375,39.5,17
"413","B_Face",2015-08-26,"LIKE","B","Face",4.2,200,135,-121.90512,36.621864,23.0989583333333,37.5,17
"414","B_Face",2015-08-27,"LIKE","B","Face",4.2,200,135,-121.90512,36.621864,24.6666666666667,42,16.5
"415","B_Face",2015-08-28,"LIKE","B","Face",4.2,200,135,-121.90512,36.621864,25.828125,45,17.5
"416","B_Face",2015-08-29,"LIKE","B","Face",4.2,200,135,-121.90512,36.621864,26.0208333333333,41.5,18.5
"417","B_Face",2015-08-30,"LIKE","B","Face",4.2,200,135,-121.90512,36.621864,23.703125,38.5,16.5
"418","B_Face",2015-08-31,"LIKE","B","Face",4.2,200,135,-121.90512,36.621864,21.8333333333333,32,16
"419","B_Face",2015-09-01,"LIKE","B","Face",4.2,200,135,-121.90512,36.621864,19.7552083333333,32,16
"420","B_Face",2015-09-02,"LIKE","B","Face",4.2,200,135,-121.90512,36.621864,20.4010416666667,36,14.5
"421","B_Face",2015-09-03,"LIKE","B","Face",4.2,200,135,-121.90512,36.621864,19.078125,27,14.5
"422","B_Face",2015-09-04,"LIKE","B","Face",4.2,200,135,-121.90512,36.621864,17.0520833333333,23.5,13
"423","B_Face",2015-09-05,"LIKE","B","Face",4.2,200,135,-121.90512,36.621864,17.4635416666667,31.5,12
"424","B_Face",2015-09-06,"LIKE","B","Face",4.2,200,135,-121.90512,36.621864,18.6822916666667,36.5,12
"425","B_Face",2015-09-07,"LIKE","B","Face",4.2,200,135,-121.90512,36.621864,19.5729166666667,38.5,12.5
"426","B_Face",2015-09-08,"LIKE","B","Face",4.2,200,135,-121.90512,36.621864,21.046875,39.5,13.5
"427","B_Face",2015-09-09,"LIKE","B","Face",4.2,200,135,-121.90512,36.621864,20.6197916666667,35,14.5
"428","B_Face",2015-09-10,"LIKE","B","Face",4.2,200,135,-121.90512,36.621864,22.0729166666667,39.5,16
"429","B_Face",2015-09-11,"LIKE","B","Face",4.2,200,135,-121.90512,36.621864,22.5625,40.5,16.5
"430","B_Face",2015-09-12,"LIKE","B","Face",4.2,200,135,-121.90512,36.621864,17.9945652173913,25.5,16
"431","C_Crack",2015-08-01,"LIKE","C","Crack",5.9,40,10,-121.905115,36.621839,19.2132352941176,21.5,18.5
"432","C_Crack",2015-08-02,"LIKE","C","Crack",5.9,40,10,-121.905115,36.621839,20.7291666666667,23.5,19
"433","C_Crack",2015-08-03,"LIKE","C","Crack",5.9,40,10,-121.905115,36.621839,20.7864583333333,23.5,19.5
"434","C_Crack",2015-08-04,"LIKE","C","Crack",5.9,40,10,-121.905115,36.621839,20.828125,23,19
"435","C_Crack",2015-08-05,"LIKE","C","Crack",5.9,40,10,-121.905115,36.621839,20.3802083333333,22.5,19
"436","C_Crack",2015-08-06,"LIKE","C","Crack",5.9,40,10,-121.905115,36.621839,18.5677083333333,20.5,17
"437","C_Crack",2015-08-07,"LIKE","C","Crack",5.9,40,10,-121.905115,36.621839,19.0052083333333,22,18
"438","C_Crack",2015-08-08,"LIKE","C","Crack",5.9,40,10,-121.905115,36.621839,20.671875,23,19.5
"439","C_Crack",2015-08-09,"LIKE","C","Crack",5.9,40,10,-121.905115,36.621839,18.8020833333333,20.5,17.5
"440","C_Crack",2015-08-10,"LIKE","C","Crack",5.9,40,10,-121.905115,36.621839,18.4427083333333,20,17.5
"441","C_Crack",2015-08-11,"LIKE","C","Crack",5.9,40,10,-121.905115,36.621839,18.2864583333333,20.5,17
"442","C_Crack",2015-08-12,"LIKE","C","Crack",5.9,40,10,-121.905115,36.621839,19.1822916666667,21.5,17.5
"443","C_Crack",2015-08-13,"LIKE","C","Crack",5.9,40,10,-121.905115,36.621839,20.8072916666667,23.5,19
"444","C_Crack",2015-08-14,"LIKE","C","Crack",5.9,40,10,-121.905115,36.621839,20.421875,23,18.5
"445","C_Crack",2015-08-15,"LIKE","C","Crack",5.9,40,10,-121.905115,36.621839,20.203125,23,18.5
"446","C_Crack",2015-08-16,"LIKE","C","Crack",5.9,40,10,-121.905115,36.621839,20.8802083333333,24.5,19
"447","C_Crack",2015-08-17,"LIKE","C","Crack",5.9,40,10,-121.905115,36.621839,20.1979166666667,23.5,18.5
"448","C_Crack",2015-08-18,"LIKE","C","Crack",5.9,40,10,-121.905115,36.621839,19.3333333333333,21,18
"449","C_Crack",2015-08-19,"LIKE","C","Crack",5.9,40,10,-121.905115,36.621839,19.875,21.5,18.5
"450","C_Crack",2015-08-20,"LIKE","C","Crack",5.9,40,10,-121.905115,36.621839,19.859375,21,19
"451","C_Crack",2015-08-21,"LIKE","C","Crack",5.9,40,10,-121.905115,36.621839,19.1770833333333,20.5,18
"452","C_Crack",2015-08-22,"LIKE","C","Crack",5.9,40,10,-121.905115,36.621839,19.0364583333333,21,18
"453","C_Crack",2015-08-23,"LIKE","C","Crack",5.9,40,10,-121.905115,36.621839,18.671875,20,17.5
"454","C_Crack",2015-08-24,"LIKE","C","Crack",5.9,40,10,-121.905115,36.621839,19.0677083333333,21,18
"455","C_Crack",2015-08-25,"LIKE","C","Crack",5.9,40,10,-121.905115,36.621839,18.875,21.5,17.5
"456","C_Crack",2015-08-26,"LIKE","C","Crack",5.9,40,10,-121.905115,36.621839,18.0104166666667,20,16.5
"457","C_Crack",2015-08-27,"LIKE","C","Crack",5.9,40,10,-121.905115,36.621839,19.5989583333333,21.5,18.5
"458","C_Crack",2015-08-28,"LIKE","C","Crack",5.9,40,10,-121.905115,36.621839,20.9895833333333,23.5,19.5
"459","C_Crack",2015-08-29,"LIKE","C","Crack",5.9,40,10,-121.905115,36.621839,20.8854166666667,22.5,19.5
"460","C_Crack",2015-08-30,"LIKE","C","Crack",5.9,40,10,-121.905115,36.621839,19.84375,23,18
"461","C_Crack",2015-08-31,"LIKE","C","Crack",5.9,40,10,-121.905115,36.621839,18.8854166666667,20,18
"462","C_Crack",2015-09-01,"LIKE","C","Crack",5.9,40,10,-121.905115,36.621839,18.359375,20.5,17.5
"463","C_Crack",2015-09-02,"LIKE","C","Crack",5.9,40,10,-121.905115,36.621839,18.1979166666667,19.5,17
"464","C_Crack",2015-09-03,"LIKE","C","Crack",5.9,40,10,-121.905115,36.621839,18.0104166666667,20,16.5
"465","C_Crack",2015-09-04,"LIKE","C","Crack",5.9,40,10,-121.905115,36.621839,16.4322916666667,18.5,15
"466","C_Crack",2015-09-05,"LIKE","C","Crack",5.9,40,10,-121.905115,36.621839,15.8229166666667,17.5,14.5
"467","C_Crack",2015-09-06,"LIKE","C","Crack",5.9,40,10,-121.905115,36.621839,17.1197916666667,19,16
"468","C_Crack",2015-09-07,"LIKE","C","Crack",5.9,40,10,-121.905115,36.621839,18.0729166666667,21,16
"469","C_Crack",2015-09-08,"LIKE","C","Crack",5.9,40,10,-121.905115,36.621839,19.6354166666667,23.5,17.5
"470","C_Crack",2015-09-09,"LIKE","C","Crack",5.9,40,10,-121.905115,36.621839,20.1041666666667,23.5,18.5
"471","C_Crack",2015-09-10,"LIKE","C","Crack",5.9,40,10,-121.905115,36.621839,19.4739583333333,22.5,18
"472","C_Crack",2015-09-11,"LIKE","C","Crack",5.9,40,10,-121.905115,36.621839,19.0677083333333,22,16.5
"473","C_Crack",2015-09-12,"LIKE","C","Crack",5.9,40,10,-121.905115,36.621839,17.695652173913,20,17
"474","C_Face",2015-08-01,"LIKE","C","Face",6,300,130,-121.905109,36.621846,22.3235294117647,30.5,17.5
"475","C_Face",2015-08-02,"LIKE","C","Face",6,300,130,-121.905109,36.621846,22.90625,31.5,18
"476","C_Face",2015-08-03,"LIKE","C","Face",6,300,130,-121.905109,36.621846,22.2395833333333,31.5,18.5
"477","C_Face",2015-08-04,"LIKE","C","Face",6,300,130,-121.905109,36.621846,21.640625,30,16.5
"478","C_Face",2015-08-05,"LIKE","C","Face",6,300,130,-121.905109,36.621846,20.03125,26.5,16.5
"479","C_Face",2015-08-06,"LIKE","C","Face",6,300,130,-121.905109,36.621846,18.484375,22.5,16.5
"480","C_Face",2015-08-07,"LIKE","C","Face",6,300,130,-121.905109,36.621846,20.4166666666667,29,17
"481","C_Face",2015-08-08,"LIKE","C","Face",6,300,130,-121.905109,36.621846,21.1875,29,18.5
"482","C_Face",2015-08-09,"LIKE","C","Face",6,300,130,-121.905109,36.621846,18.8697916666667,24,16
"483","C_Face",2015-08-10,"LIKE","C","Face",6,300,130,-121.905109,36.621846,18.859375,25,16.5
"484","C_Face",2015-08-11,"LIKE","C","Face",6,300,130,-121.905109,36.621846,19.0052083333333,27,16
"485","C_Face",2015-08-12,"LIKE","C","Face",6,300,130,-121.905109,36.621846,19.4635416666667,29.5,14.5
"486","C_Face",2015-08-13,"LIKE","C","Face",6,300,130,-121.905109,36.621846,21.828125,29.5,18.5
"487","C_Face",2015-08-14,"LIKE","C","Face",6,300,130,-121.905109,36.621846,20.4947916666667,28.5,16.5
"488","C_Face",2015-08-15,"LIKE","C","Face",6,300,130,-121.905109,36.621846,20.84375,30,16
"489","C_Face",2015-08-16,"LIKE","C","Face",6,300,130,-121.905109,36.621846,20.9010416666667,30.5,16.5
"490","C_Face",2015-08-17,"LIKE","C","Face",6,300,130,-121.905109,36.621846,20.25,28.5,16.5
"491","C_Face",2015-08-18,"LIKE","C","Face",6,300,130,-121.905109,36.621846,19.8229166666667,28.5,16.5
"492","C_Face",2015-08-19,"LIKE","C","Face",6,300,130,-121.905109,36.621846,20.28125,26.5,17.5
"493","C_Face",2015-08-20,"LIKE","C","Face",6,300,130,-121.905109,36.621846,20.6614583333333,25.5,18.5
"494","C_Face",2015-08-21,"LIKE","C","Face",6,300,130,-121.905109,36.621846,19.5572916666667,24,17.5
"495","C_Face",2015-08-22,"LIKE","C","Face",6,300,130,-121.905109,36.621846,19.5833333333333,26.5,17
"496","C_Face",2015-08-23,"LIKE","C","Face",6,300,130,-121.905109,36.621846,19.46875,27.5,17
"497","C_Face",2015-08-24,"LIKE","C","Face",6,300,130,-121.905109,36.621846,19.8697916666667,27.5,16.5
"498","C_Face",2015-08-25,"LIKE","C","Face",6,300,130,-121.905109,36.621846,19.59375,27,16
"499","C_Face",2015-08-26,"LIKE","C","Face",6,300,130,-121.905109,36.621846,18.8229166666667,26.5,16
"500","C_Face",2015-08-27,"LIKE","C","Face",6,300,130,-121.905109,36.621846,20.078125,29.5,16
"501","C_Face",2015-08-28,"LIKE","C","Face",6,300,130,-121.905109,36.621846,21.5364583333333,30.5,17
"502","C_Face",2015-08-29,"LIKE","C","Face",6,300,130,-121.905109,36.621846,21.2447916666667,27.5,18
"503","C_Face",2015-08-30,"LIKE","C","Face",6,300,130,-121.905109,36.621846,19.4010416666667,27,16
"504","C_Face",2015-08-31,"LIKE","C","Face",6,300,130,-121.905109,36.621846,18.6822916666667,23.5,15.5
"505","C_Face",2015-09-01,"LIKE","C","Face",6,300,130,-121.905109,36.621846,18.3072916666667,24.5,16
"506","C_Face",2015-09-02,"LIKE","C","Face",6,300,130,-121.905109,36.621846,18.28125,25,14.5
"507","C_Face",2015-09-03,"LIKE","C","Face",6,300,130,-121.905109,36.621846,17.2552083333333,22.5,14.5
"508","C_Face",2015-09-04,"LIKE","C","Face",6,300,130,-121.905109,36.621846,15.7291666666667,21.5,13
"509","C_Face",2015-09-05,"LIKE","C","Face",6,300,130,-121.905109,36.621846,15.6145833333333,23.5,12
"510","C_Face",2015-09-06,"LIKE","C","Face",6,300,130,-121.905109,36.621846,16.6770833333333,25,12.5
"511","C_Face",2015-09-07,"LIKE","C","Face",6,300,130,-121.905109,36.621846,17.6510416666667,28.5,13
"512","C_Face",2015-09-08,"LIKE","C","Face",6,300,130,-121.905109,36.621846,19.0625,32,14
"513","C_Face",2015-09-09,"LIKE","C","Face",6,300,130,-121.905109,36.621846,18.8802083333333,29,15
"514","C_Face",2015-09-10,"LIKE","C","Face",6,300,130,-121.905109,36.621846,19.3854166666667,29,16
"515","C_Face",2015-09-11,"LIKE","C","Face",6,300,130,-121.905109,36.621846,19.1666666666667,28,16
"516","C_Face",2015-09-12,"LIKE","C","Face",6,300,130,-121.905109,36.621846,17.0380434782609,21.5,15.5
"517","D_Crack",2015-08-01,"LIKE","D","Crack",6.85,290,90,-121.905113,36.621838,20,28.5,18
"518","D_Crack",2015-08-02,"LIKE","D","Crack",6.85,290,90,-121.905113,36.621838,20.9947916666667,29,18.5
"519","D_Crack",2015-08-03,"LIKE","D","Crack",6.85,290,90,-121.905113,36.621838,21.078125,29,19
"520","D_Crack",2015-08-04,"LIKE","D","Crack",6.85,290,90,-121.905113,36.621838,20.921875,27.5,18.5
"521","D_Crack",2015-08-05,"LIKE","D","Crack",6.85,290,90,-121.905113,36.621838,20.09375,24.5,18.5
"522","D_Crack",2015-08-06,"LIKE","D","Crack",6.85,290,90,-121.905113,36.621838,18.09375,20.5,16.5
"523","D_Crack",2015-08-07,"LIKE","D","Crack",6.85,290,90,-121.905113,36.621838,19.3177083333333,28,17.5
"524","D_Crack",2015-08-08,"LIKE","D","Crack",6.85,290,90,-121.905113,36.621838,20.3854166666667,28.5,18.5
"525","D_Crack",2015-08-09,"LIKE","D","Crack",6.85,290,90,-121.905113,36.621838,18.234375,20.5,17
"526","D_Crack",2015-08-10,"LIKE","D","Crack",6.85,290,90,-121.905113,36.621838,17.9895833333333,21,17
"527","D_Crack",2015-08-11,"LIKE","D","Crack",6.85,290,90,-121.905113,36.621838,18.203125,26.5,16.5
"528","D_Crack",2015-08-12,"LIKE","D","Crack",6.85,290,90,-121.905113,36.621838,19.2916666666667,29,16.5
"529","D_Crack",2015-08-13,"LIKE","D","Crack",6.85,290,90,-121.905113,36.621838,20.9739583333333,29.5,18.5
"530","D_Crack",2015-08-14,"LIKE","D","Crack",6.85,290,90,-121.905113,36.621838,20.3958333333333,29,18
"531","D_Crack",2015-08-15,"LIKE","D","Crack",6.85,290,90,-121.905113,36.621838,20.4427083333333,29.5,17.5
"532","D_Crack",2015-08-16,"LIKE","D","Crack",6.85,290,90,-121.905113,36.621838,20.578125,30.5,17.5
"533","D_Crack",2015-08-17,"LIKE","D","Crack",6.85,290,90,-121.905113,36.621838,19.9479166666667,29,18
"534","D_Crack",2015-08-18,"LIKE","D","Crack",6.85,290,90,-121.905113,36.621838,19.171875,27,17.5
"535","D_Crack",2015-08-19,"LIKE","D","Crack",6.85,290,90,-121.905113,36.621838,19.3854166666667,25,18
"536","D_Crack",2015-08-20,"LIKE","D","Crack",6.85,290,90,-121.905113,36.621838,19.5729166666667,22,18.5
"537","D_Crack",2015-08-21,"LIKE","D","Crack",6.85,290,90,-121.905113,36.621838,18.8125,20.5,17.5
"538","D_Crack",2015-08-22,"LIKE","D","Crack",6.85,290,90,-121.905113,36.621838,18.75,22,17.5
"539","D_Crack",2015-08-23,"LIKE","D","Crack",6.85,290,90,-121.905113,36.621838,18.5677083333333,26.5,17
"540","D_Crack",2015-08-24,"LIKE","D","Crack",6.85,290,90,-121.905113,36.621838,18.9739583333333,26.5,17
"541","D_Crack",2015-08-25,"LIKE","D","Crack",6.85,290,90,-121.905113,36.621838,18.5520833333333,27,16.5
"542","D_Crack",2015-08-26,"LIKE","D","Crack",6.85,290,90,-121.905113,36.621838,17.7395833333333,26,16
"543","D_Crack",2015-08-27,"LIKE","D","Crack",6.85,290,90,-121.905113,36.621838,19.5572916666667,29,17
"544","D_Crack",2015-08-28,"LIKE","D","Crack",6.85,290,90,-121.905113,36.621838,20.9270833333333,30.5,18.5
"545","D_Crack",2015-08-29,"LIKE","D","Crack",6.85,290,90,-121.905113,36.621838,20.4739583333333,26,18.5
"546","D_Crack",2015-08-30,"LIKE","D","Crack",6.85,290,90,-121.905113,36.621838,19.359375,27,17.5
"547","D_Crack",2015-08-31,"LIKE","D","Crack",6.85,290,90,-121.905113,36.621838,18.625,23.5,16.5
"548","D_Crack",2015-09-01,"LIKE","D","Crack",6.85,290,90,-121.905113,36.621838,18.1041666666667,21.5,16.5
"549","D_Crack",2015-09-02,"LIKE","D","Crack",6.85,290,90,-121.905113,36.621838,18.0260416666667,23.5,16.5
"550","D_Crack",2015-09-03,"LIKE","D","Crack",6.85,290,90,-121.905113,36.621838,17.5364583333333,20.5,16.5
"551","D_Crack",2015-09-04,"LIKE","D","Crack",6.85,290,90,-121.905113,36.621838,16.265625,22,14.5
"552","D_Crack",2015-09-05,"LIKE","D","Crack",6.85,290,90,-121.905113,36.621838,15.9583333333333,23,14
"553","D_Crack",2015-09-06,"LIKE","D","Crack",6.85,290,90,-121.905113,36.621838,17.40625,25.5,15
"554","D_Crack",2015-09-07,"LIKE","D","Crack",6.85,290,90,-121.905113,36.621838,18.3229166666667,26.5,15
"555","D_Crack",2015-09-08,"LIKE","D","Crack",6.85,290,90,-121.905113,36.621838,20.3385416666667,30,17
"556","D_Crack",2015-09-09,"LIKE","D","Crack",6.85,290,90,-121.905113,36.621838,20.6510416666667,31,18
"557","D_Crack",2015-09-10,"LIKE","D","Crack",6.85,290,90,-121.905113,36.621838,19.359375,28,17
"558","D_Crack",2015-09-11,"LIKE","D","Crack",6.85,290,90,-121.905113,36.621838,18.4947916666667,27,16.5
"559","D_Crack",2015-09-12,"LIKE","D","Crack",6.85,290,90,-121.905113,36.621838,16.9402173913043,20,16
"560","D_Face",2015-08-01,"LIKE","D","Face",7.55,250,130,-121.905087,36.621838,23.5073529411765,35,18
"561","D_Face",2015-08-02,"LIKE","D","Face",7.55,250,130,-121.905087,36.621838,23.75,35.5,18
"562","D_Face",2015-08-03,"LIKE","D","Face",7.55,250,130,-121.905087,36.621838,23.2291666666667,34.5,18.5
"563","D_Face",2015-08-04,"LIKE","D","Face",7.55,250,130,-121.905087,36.621838,22.2552083333333,33.5,16.5
"564","D_Face",2015-08-05,"LIKE","D","Face",7.55,250,130,-121.905087,36.621838,20.5208333333333,30,16
"565","D_Face",2015-08-06,"LIKE","D","Face",7.55,250,130,-121.905087,36.621838,18.5833333333333,22.5,16.5
"566","D_Face",2015-08-07,"LIKE","D","Face",7.55,250,130,-121.905087,36.621838,20.9479166666667,32,17
"567","D_Face",2015-08-08,"LIKE","D","Face",7.55,250,130,-121.905087,36.621838,21.78125,31,18
"568","D_Face",2015-08-09,"LIKE","D","Face",7.55,250,130,-121.905087,36.621838,19.15625,26,15.5
"569","D_Face",2015-08-10,"LIKE","D","Face",7.55,250,130,-121.905087,36.621838,19.4947916666667,29,16
"570","D_Face",2015-08-11,"LIKE","D","Face",7.55,250,130,-121.905087,36.621838,20.0572916666667,31,16
"571","D_Face",2015-08-12,"LIKE","D","Face",7.55,250,130,-121.905087,36.621838,20.5677083333333,33.5,14.5
"572","D_Face",2015-08-13,"LIKE","D","Face",7.55,250,130,-121.905087,36.621838,22.9166666666667,32.5,18.5
"573","D_Face",2015-08-14,"LIKE","D","Face",7.55,250,130,-121.905087,36.621838,21.5520833333333,32.5,16.5
"574","D_Face",2015-08-15,"LIKE","D","Face",7.55,250,130,-121.905087,36.621838,22.1145833333333,35,16
"575","D_Face",2015-08-16,"LIKE","D","Face",7.55,250,130,-121.905087,36.621838,21.9583333333333,34,16.5
"576","D_Face",2015-08-17,"LIKE","D","Face",7.55,250,130,-121.905087,36.621838,21.7395833333333,32,17
"577","D_Face",2015-08-18,"LIKE","D","Face",7.55,250,130,-121.905087,36.621838,20.8854166666667,31,17.5
"578","D_Face",2015-08-19,"LIKE","D","Face",7.55,250,130,-121.905087,36.621838,21.15625,29.5,18
"579","D_Face",2015-08-20,"LIKE","D","Face",7.55,250,130,-121.905087,36.621838,21.328125,28.5,18.5
"580","D_Face",2015-08-21,"LIKE","D","Face",7.55,250,130,-121.905087,36.621838,19.796875,24,17.5
"581","D_Face",2015-08-22,"LIKE","D","Face",7.55,250,130,-121.905087,36.621838,19.6875,28,17
"582","D_Face",2015-08-23,"LIKE","D","Face",7.55,250,130,-121.905087,36.621838,20.296875,30,17
"583","D_Face",2015-08-24,"LIKE","D","Face",7.55,250,130,-121.905087,36.621838,20.390625,29.5,16
"584","D_Face",2015-08-25,"LIKE","D","Face",7.55,250,130,-121.905087,36.621838,20.0416666666667,29.5,16
"585","D_Face",2015-08-26,"LIKE","D","Face",7.55,250,130,-121.905087,36.621838,19.4895833333333,29.5,16
"586","D_Face",2015-08-27,"LIKE","D","Face",7.55,250,130,-121.905087,36.621838,20.8645833333333,33,15.5
"587","D_Face",2015-08-28,"LIKE","D","Face",7.55,250,130,-121.905087,36.621838,22.328125,33.5,17
"588","D_Face",2015-08-29,"LIKE","D","Face",7.55,250,130,-121.905087,36.621838,22.0833333333333,31.5,18
"589","D_Face",2015-08-30,"LIKE","D","Face",7.55,250,130,-121.905087,36.621838,20.3072916666667,30,16
"590","D_Face",2015-08-31,"LIKE","D","Face",7.55,250,130,-121.905087,36.621838,19.3385416666667,27,15.5
"591","D_Face",2015-09-01,"LIKE","D","Face",7.55,250,130,-121.905087,36.621838,19.46875,29,16
"592","D_Face",2015-09-02,"LIKE","D","Face",7.55,250,130,-121.905087,36.621838,19.9010416666667,30,15
"593","D_Face",2015-09-03,"LIKE","D","Face",7.55,250,130,-121.905087,36.621838,19.1302083333333,28.5,15
"594","D_Face",2015-09-04,"LIKE","D","Face",7.55,250,130,-121.905087,36.621838,18.03125,27.5,14
"595","D_Face",2015-09-05,"LIKE","D","Face",7.55,250,130,-121.905087,36.621838,17.4895833333333,28,12.5
"596","D_Face",2015-09-06,"LIKE","D","Face",7.55,250,130,-121.905087,36.621838,18.6979166666667,30.5,13
"597","D_Face",2015-09-07,"LIKE","D","Face",7.55,250,130,-121.905087,36.621838,19.3645833333333,31.5,13
"598","D_Face",2015-09-08,"LIKE","D","Face",7.55,250,130,-121.905087,36.621838,21.4479166666667,35,15
"599","D_Face",2015-09-09,"LIKE","D","Face",7.55,250,130,-121.905087,36.621838,22.046875,34.5,16.5
"600","D_Face",2015-09-10,"LIKE","D","Face",7.55,250,130,-121.905087,36.621838,21.2447916666667,32,17
"601","D_Face",2015-09-11,"LIKE","D","Face",7.55,250,130,-121.905087,36.621838,20.3697916666667,30.5,16.5
"602","D_Face",2015-09-12,"LIKE","D","Face",7.55,250,130,-121.905087,36.621838,17.5597826086957,22,16
"603","WaraB_hi",2015-08-01,"CHFU","WaraB","hi",1.7,NA,0,-121.905337,36.621911,16.9117647058824,23.5,14.5
"604","WaraB_hi",2015-08-02,"CHFU","WaraB","hi",1.7,NA,0,-121.905337,36.621911,16.828125,21.5,15
"605","WaraB_hi",2015-08-03,"CHFU","WaraB","hi",1.7,NA,0,-121.905337,36.621911,18.78125,33,16
"606","WaraB_hi",2015-08-04,"CHFU","WaraB","hi",1.7,NA,0,-121.905337,36.621911,18.5989583333333,31,15
"607","WaraB_hi",2015-08-05,"CHFU","WaraB","hi",1.7,NA,0,-121.905337,36.621911,19.359375,34,15
"608","WaraB_hi",2015-08-06,"CHFU","WaraB","hi",1.7,NA,0,-121.905337,36.621911,17.40625,20.5,16
"609","WaraB_hi",2015-08-07,"CHFU","WaraB","hi",1.7,NA,0,-121.905337,36.621911,18.96875,32.5,16
"610","WaraB_hi",2015-08-08,"CHFU","WaraB","hi",1.7,NA,0,-121.905337,36.621911,18.7291666666667,31.5,15.5
"611","WaraB_hi",2015-08-09,"CHFU","WaraB","hi",1.7,NA,0,-121.905337,36.621911,18.9947916666667,30.5,15
"612","WaraB_hi",2015-08-10,"CHFU","WaraB","hi",1.7,NA,0,-121.905337,36.621911,19.9895833333333,32,16
"613","WaraB_hi",2015-08-11,"CHFU","WaraB","hi",1.7,NA,0,-121.905337,36.621911,19.8802083333333,31,16
"614","WaraB_hi",2015-08-12,"CHFU","WaraB","hi",1.7,NA,0,-121.905337,36.621911,20.2916666666667,32,14
"615","WaraB_hi",2015-08-13,"CHFU","WaraB","hi",1.7,NA,0,-121.905337,36.621911,21.3229166666667,30.5,17.5
"616","WaraB_hi",2015-08-14,"CHFU","WaraB","hi",1.7,NA,0,-121.905337,36.621911,20.4479166666667,30.5,15.5
"617","WaraB_hi",2015-08-15,"CHFU","WaraB","hi",1.7,NA,0,-121.905337,36.621911,18.6354166666667,27,15
"618","WaraB_hi",2015-08-16,"CHFU","WaraB","hi",1.7,NA,0,-121.905337,36.621911,17.7552083333333,21,15.5
"619","WaraB_hi",2015-08-17,"CHFU","WaraB","hi",1.7,NA,0,-121.905337,36.621911,17.2239583333333,20,16
"620","WaraB_hi",2015-08-18,"CHFU","WaraB","hi",1.7,NA,0,-121.905337,36.621911,16.65625,20.5,15.5
"621","WaraB_hi",2015-08-19,"CHFU","WaraB","hi",1.7,NA,0,-121.905337,36.621911,16.609375,25,14.5
"622","WaraB_hi",2015-08-20,"CHFU","WaraB","hi",1.7,NA,0,-121.905337,36.621911,16.7239583333333,19.5,16
"623","WaraB_hi",2015-08-21,"CHFU","WaraB","hi",1.7,NA,0,-121.905337,36.621911,16.7291666666667,19,16
"624","WaraB_hi",2015-08-22,"CHFU","WaraB","hi",1.7,NA,0,-121.905337,36.621911,17.0885416666667,20.5,16
"625","WaraB_hi",2015-08-23,"CHFU","WaraB","hi",1.7,NA,0,-121.905337,36.621911,18.1979166666667,26.5,16
"626","WaraB_hi",2015-08-24,"CHFU","WaraB","hi",1.7,NA,0,-121.905337,36.621911,19.125,31,14.5
"627","WaraB_hi",2015-08-25,"CHFU","WaraB","hi",1.7,NA,0,-121.905337,36.621911,18.7916666666667,28.5,15.5
"628","WaraB_hi",2015-08-26,"CHFU","WaraB","hi",1.7,NA,0,-121.905337,36.621911,18.4895833333333,27.5,15.5
"629","WaraB_hi",2015-08-27,"CHFU","WaraB","hi",1.7,NA,0,-121.905337,36.621911,18.453125,29,14.5
"630","WaraB_hi",2015-08-28,"CHFU","WaraB","hi",1.7,NA,0,-121.905337,36.621911,18.6927083333333,28.5,15
"631","WaraB_hi",2015-08-29,"CHFU","WaraB","hi",1.7,NA,0,-121.905337,36.621911,18.9322916666667,27,16.5
"632","WaraB_hi",2015-08-30,"CHFU","WaraB","hi",1.7,NA,0,-121.905337,36.621911,18.2395833333333,23.5,15.5
"633","WaraB_hi",2015-08-31,"CHFU","WaraB","hi",1.7,NA,0,-121.905337,36.621911,16.796875,18.5,15
"634","WaraB_hi",2015-09-01,"CHFU","WaraB","hi",1.7,NA,0,-121.905337,36.621911,16.375,17.5,15.5
"635","WaraB_hi",2015-09-02,"CHFU","WaraB","hi",1.7,NA,0,-121.905337,36.621911,16.5885416666667,19.5,15
"636","WaraB_hi",2015-09-03,"CHFU","WaraB","hi",1.7,NA,0,-121.905337,36.621911,15.75,20.5,14
"637","WaraB_hi",2015-09-04,"CHFU","WaraB","hi",1.7,NA,0,-121.905337,36.621911,15.2708333333333,17,14
"638","WaraB_hi",2015-09-05,"CHFU","WaraB","hi",1.7,NA,0,-121.905337,36.621911,14.984375,17,13.5
"639","WaraB_hi",2015-09-06,"CHFU","WaraB","hi",1.7,NA,0,-121.905337,36.621911,15.3333333333333,20,13
"640","WaraB_hi",2015-09-07,"CHFU","WaraB","hi",1.7,NA,0,-121.905337,36.621911,15.4791666666667,20,12.5
"641","WaraB_hi",2015-09-08,"CHFU","WaraB","hi",1.7,NA,0,-121.905337,36.621911,15.1458333333333,20,13
"642","WaraB_hi",2015-09-09,"CHFU","WaraB","hi",1.7,NA,0,-121.905337,36.621911,15.4270833333333,21,13
"643","WaraB_hi",2015-09-10,"CHFU","WaraB","hi",1.7,NA,0,-121.905337,36.621911,16.1302083333333,20.5,15
"644","WaraB_hi",2015-09-11,"CHFU","WaraB","hi",1.7,NA,0,-121.905337,36.621911,16.5364583333333,20.5,15
"645","WaraB_hi",2015-09-12,"CHFU","WaraB","hi",1.7,NA,0,-121.905337,36.621911,16.0815217391304,17.5,15.5
"646","WaraB_low",2015-08-01,"CHFU","WaraB","low",0.62,NA,0,-121.905233,36.621974,14.9852941176471,16,14.5
"647","WaraB_low",2015-08-02,"CHFU","WaraB","low",0.62,NA,0,-121.905233,36.621974,15.4166666666667,16.5,14.5
"648","WaraB_low",2015-08-03,"CHFU","WaraB","low",0.62,NA,0,-121.905233,36.621974,16.7447916666667,20,15.5
"649","WaraB_low",2015-08-04,"CHFU","WaraB","low",0.62,NA,0,-121.905233,36.621974,17.3541666666667,21.5,16.5
"650","WaraB_low",2015-08-05,"CHFU","WaraB","low",0.62,NA,0,-121.905233,36.621974,17.4270833333333,18,17
"651","WaraB_low",2015-08-06,"CHFU","WaraB","low",0.62,NA,0,-121.905233,36.621974,17.75,18.5,17
"652","WaraB_low",2015-08-07,"CHFU","WaraB","low",0.62,NA,0,-121.905233,36.621974,17.34375,18,16.5
"653","WaraB_low",2015-08-08,"CHFU","WaraB","low",0.62,NA,0,-121.905233,36.621974,17.359375,18,17
"654","WaraB_low",2015-08-09,"CHFU","WaraB","low",0.62,NA,0,-121.905233,36.621974,17.078125,17.5,16
"655","WaraB_low",2015-08-10,"CHFU","WaraB","low",0.62,NA,0,-121.905233,36.621974,17.0625,18,16.5
"656","WaraB_low",2015-08-11,"CHFU","WaraB","low",0.62,NA,0,-121.905233,36.621974,17.203125,18,16.5
"657","WaraB_low",2015-08-12,"CHFU","WaraB","low",0.62,NA,0,-121.905233,36.621974,16.890625,18,15
"658","WaraB_low",2015-08-13,"CHFU","WaraB","low",0.62,NA,0,-121.905233,36.621974,17.2760416666667,18,16.5
"659","WaraB_low",2015-08-14,"CHFU","WaraB","low",0.62,NA,0,-121.905233,36.621974,17.3645833333333,18.5,15
"660","WaraB_low",2015-08-15,"CHFU","WaraB","low",0.62,NA,0,-121.905233,36.621974,16.9010416666667,18.5,15
"661","WaraB_low",2015-08-16,"CHFU","WaraB","low",0.62,NA,0,-121.905233,36.621974,16.8854166666667,18,15
"662","WaraB_low",2015-08-17,"CHFU","WaraB","low",0.62,NA,0,-121.905233,36.621974,16.9895833333333,18,16
"663","WaraB_low",2015-08-18,"CHFU","WaraB","low",0.62,NA,0,-121.905233,36.621974,16.1927083333333,17.5,15
"664","WaraB_low",2015-08-19,"CHFU","WaraB","low",0.62,NA,0,-121.905233,36.621974,15.34375,16.5,14.5
"665","WaraB_low",2015-08-20,"CHFU","WaraB","low",0.62,NA,0,-121.905233,36.621974,16.0416666666667,16.5,15
"666","WaraB_low",2015-08-21,"CHFU","WaraB","low",0.62,NA,0,-121.905233,36.621974,16.3802083333333,16.5,16
"667","WaraB_low",2015-08-22,"CHFU","WaraB","low",0.62,NA,0,-121.905233,36.621974,16.84375,17,16.5
"668","WaraB_low",2015-08-23,"CHFU","WaraB","low",0.62,NA,0,-121.905233,36.621974,17.0989583333333,18,16.5
"669","WaraB_low",2015-08-24,"CHFU","WaraB","low",0.62,NA,0,-121.905233,36.621974,17.4791666666667,18.5,17
"670","WaraB_low",2015-08-25,"CHFU","WaraB","low",0.62,NA,0,-121.905233,36.621974,17.421875,18,16.5
"671","WaraB_low",2015-08-26,"CHFU","WaraB","low",0.62,NA,0,-121.905233,36.621974,17.1822916666667,18,16
"672","WaraB_low",2015-08-27,"CHFU","WaraB","low",0.62,NA,0,-121.905233,36.621974,16.921875,19,15.5
"673","WaraB_low",2015-08-28,"CHFU","WaraB","low",0.62,NA,0,-121.905233,36.621974,17.5052083333333,19,15.5
"674","WaraB_low",2015-08-29,"CHFU","WaraB","low",0.62,NA,0,-121.905233,36.621974,17.921875,18.5,16.5
"675","WaraB_low",2015-08-30,"CHFU","WaraB","low",0.62,NA,0,-121.905233,36.621974,17.8333333333333,18.5,17
"676","WaraB_low",2015-08-31,"CHFU","WaraB","low",0.62,NA,0,-121.905233,36.621974,16.6041666666667,18,16
"677","WaraB_low",2015-09-01,"CHFU","WaraB","low",0.62,NA,0,-121.905233,36.621974,16.2291666666667,16.5,15.5
"678","WaraB_low",2015-09-02,"CHFU","WaraB","low",0.62,NA,0,-121.905233,36.621974,16.375,17.5,15.5
"679","WaraB_low",2015-09-03,"CHFU","WaraB","low",0.62,NA,0,-121.905233,36.621974,15.125,17,14
"680","WaraB_low",2015-09-04,"CHFU","WaraB","low",0.62,NA,0,-121.905233,36.621974,15.2760416666667,17,14.5
"681","WaraB_low",2015-09-05,"CHFU","WaraB","low",0.62,NA,0,-121.905233,36.621974,14.9114583333333,16,14.5
"682","WaraB_low",2015-09-06,"CHFU","WaraB","low",0.62,NA,0,-121.905233,36.621974,15.5260416666667,16.5,14.5
"683","WaraB_low",2015-09-07,"CHFU","WaraB","low",0.62,NA,0,-121.905233,36.621974,15.65625,16.5,14.5
"684","WaraB_low",2015-09-08,"CHFU","WaraB","low",0.62,NA,0,-121.905233,36.621974,15.1197916666667,16,14.5
"685","WaraB_low",2015-09-09,"CHFU","WaraB","low",0.62,NA,0,-121.905233,36.621974,15.59375,17.5,14
"686","WaraB_low",2015-09-10,"CHFU","WaraB","low",0.62,NA,0,-121.905233,36.621974,15.46875,16.5,14.5
"687","WaraB_low",2015-09-11,"CHFU","WaraB","low",0.62,NA,0,-121.905233,36.621974,16.3177083333333,17,15.5
"688","WaraB_low",2015-09-12,"CHFU","WaraB","low",0.62,NA,0,-121.905233,36.621974,15.9184782608696,16.5,15.5
"689","WaraB_mid",2015-08-01,"CHFU","WaraB","mid",1.15,NA,0,-121.905468,36.621988,15.1397058823529,17,14
"690","WaraB_mid",2015-08-02,"CHFU","WaraB","mid",1.15,NA,0,-121.905468,36.621988,15.5885416666667,18,14.5
"691","WaraB_mid",2015-08-03,"CHFU","WaraB","mid",1.15,NA,0,-121.905468,36.621988,17.2291666666667,25.5,15
"692","WaraB_mid",2015-08-04,"CHFU","WaraB","mid",1.15,NA,0,-121.905468,36.621988,17.4427083333333,23.5,15
"693","WaraB_mid",2015-08-05,"CHFU","WaraB","mid",1.15,NA,0,-121.905468,36.621988,18.2395833333333,30,15
"694","WaraB_mid",2015-08-06,"CHFU","WaraB","mid",1.15,NA,0,-121.905468,36.621988,17.5052083333333,18.5,16
"695","WaraB_mid",2015-08-07,"CHFU","WaraB","mid",1.15,NA,0,-121.905468,36.621988,17.5729166666667,23,16
"696","WaraB_mid",2015-08-08,"CHFU","WaraB","mid",1.15,NA,0,-121.905468,36.621988,17.3072916666667,20.5,16
"697","WaraB_mid",2015-08-09,"CHFU","WaraB","mid",1.15,NA,0,-121.905468,36.621988,16.9375,21.5,14.5
"698","WaraB_mid",2015-08-10,"CHFU","WaraB","mid",1.15,NA,0,-121.905468,36.621988,17.5416666666667,25.5,15.5
"699","WaraB_mid",2015-08-11,"CHFU","WaraB","mid",1.15,NA,0,-121.905468,36.621988,17.3958333333333,25,15.5
"700","WaraB_mid",2015-08-12,"CHFU","WaraB","mid",1.15,NA,0,-121.905468,36.621988,17.2760416666667,27.5,13.5
"701","WaraB_mid",2015-08-13,"CHFU","WaraB","mid",1.15,NA,0,-121.905468,36.621988,18.1666666666667,26,16.5
"702","WaraB_mid",2015-08-14,"CHFU","WaraB","mid",1.15,NA,0,-121.905468,36.621988,17.5,23,15
"703","WaraB_mid",2015-08-15,"CHFU","WaraB","mid",1.15,NA,0,-121.905468,36.621988,16.7083333333333,18.5,14.5
"704","WaraB_mid",2015-08-16,"CHFU","WaraB","mid",1.15,NA,0,-121.905468,36.621988,16.8802083333333,18,15
"705","WaraB_mid",2015-08-17,"CHFU","WaraB","mid",1.15,NA,0,-121.905468,36.621988,16.9322916666667,18,16
"706","WaraB_mid",2015-08-18,"CHFU","WaraB","mid",1.15,NA,0,-121.905468,36.621988,16.2760416666667,17.5,15
"707","WaraB_mid",2015-08-19,"CHFU","WaraB","mid",1.15,NA,0,-121.905468,36.621988,15.3541666666667,16.5,14
"708","WaraB_mid",2015-08-20,"CHFU","WaraB","mid",1.15,NA,0,-121.905468,36.621988,16.0260416666667,17,15
"709","WaraB_mid",2015-08-21,"CHFU","WaraB","mid",1.15,NA,0,-121.905468,36.621988,16.296875,17,16
"710","WaraB_mid",2015-08-22,"CHFU","WaraB","mid",1.15,NA,0,-121.905468,36.621988,16.7552083333333,17.5,16
"711","WaraB_mid",2015-08-23,"CHFU","WaraB","mid",1.15,NA,0,-121.905468,36.621988,16.984375,18,16
"712","WaraB_mid",2015-08-24,"CHFU","WaraB","mid",1.15,NA,0,-121.905468,36.621988,17.4479166666667,21,15
"713","WaraB_mid",2015-08-25,"CHFU","WaraB","mid",1.15,NA,0,-121.905468,36.621988,17.078125,19,15
"714","WaraB_mid",2015-08-26,"CHFU","WaraB","mid",1.15,NA,0,-121.905468,36.621988,17.1666666666667,18.5,15.5
"715","WaraB_mid",2015-08-27,"CHFU","WaraB","mid",1.15,NA,0,-121.905468,36.621988,16.703125,19.5,15
"716","WaraB_mid",2015-08-28,"CHFU","WaraB","mid",1.15,NA,0,-121.905468,36.621988,17.1822916666667,20,15
"717","WaraB_mid",2015-08-29,"CHFU","WaraB","mid",1.15,NA,0,-121.905468,36.621988,17.796875,19.5,16.5
"718","WaraB_mid",2015-08-30,"CHFU","WaraB","mid",1.15,NA,0,-121.905468,36.621988,17.5260416666667,18.5,15.5
"719","WaraB_mid",2015-08-31,"CHFU","WaraB","mid",1.15,NA,0,-121.905468,36.621988,16.5520833333333,18,15.5
"720","WaraB_mid",2015-09-01,"CHFU","WaraB","mid",1.15,NA,0,-121.905468,36.621988,16.125,17,15
"721","WaraB_mid",2015-09-02,"CHFU","WaraB","mid",1.15,NA,0,-121.905468,36.621988,16.4114583333333,17.5,15.5
"722","WaraB_mid",2015-09-03,"CHFU","WaraB","mid",1.15,NA,0,-121.905468,36.621988,15.09375,17,14
"723","WaraB_mid",2015-09-04,"CHFU","WaraB","mid",1.15,NA,0,-121.905468,36.621988,15.3229166666667,17,14
"724","WaraB_mid",2015-09-05,"CHFU","WaraB","mid",1.15,NA,0,-121.905468,36.621988,14.9270833333333,16,14.5
"725","WaraB_mid",2015-09-06,"CHFU","WaraB","mid",1.15,NA,0,-121.905468,36.621988,15.46875,16.5,14
"726","WaraB_mid",2015-09-07,"CHFU","WaraB","mid",1.15,NA,0,-121.905468,36.621988,15.6770833333333,16.5,14.5
"727","WaraB_mid",2015-09-08,"CHFU","WaraB","mid",1.15,NA,0,-121.905468,36.621988,15.0989583333333,16.5,14
"728","WaraB_mid",2015-09-09,"CHFU","WaraB","mid",1.15,NA,0,-121.905468,36.621988,15.5572916666667,18,13.5
"729","WaraB_mid",2015-09-10,"CHFU","WaraB","mid",1.15,NA,0,-121.905468,36.621988,15.453125,17,14.5
"730","WaraB_mid",2015-09-11,"CHFU","WaraB","mid",1.15,NA,0,-121.905468,36.621988,16.2604166666667,17,15.5
"731","WaraB_mid",2015-09-12,"CHFU","WaraB","mid",1.15,NA,0,-121.905468,36.621988,15.9076086956522,17,15.5
"732","WaraD_hi",2015-08-01,"CHFU","WaraD","hi",1.3,NA,0,-121.903869,36.621243,17.7058823529412,27.5,14.5
"733","WaraD_hi",2015-08-02,"CHFU","WaraD","hi",1.3,NA,0,-121.903869,36.621243,17.25,24,15
"734","WaraD_hi",2015-08-03,"CHFU","WaraD","hi",1.3,NA,0,-121.903869,36.621243,18.4895833333333,29,16
"735","WaraD_hi",2015-08-04,"CHFU","WaraD","hi",1.3,NA,0,-121.903869,36.621243,18.6145833333333,26.5,15
"736","WaraD_hi",2015-08-05,"CHFU","WaraD","hi",1.3,NA,0,-121.903869,36.621243,19.5520833333333,35,15
"737","WaraD_hi",2015-08-06,"CHFU","WaraD","hi",1.3,NA,0,-121.903869,36.621243,17.8229166666667,22,16
"738","WaraD_hi",2015-08-07,"CHFU","WaraD","hi",1.3,NA,0,-121.903869,36.621243,19.0104166666667,33,16.5
"739","WaraD_hi",2015-08-08,"CHFU","WaraD","hi",1.3,NA,0,-121.903869,36.621243,18.65625,31.5,15.5
"740","WaraD_hi",2015-08-09,"CHFU","WaraD","hi",1.3,NA,0,-121.903869,36.621243,18.59375,30.5,14.5
"741","WaraD_hi",2015-08-10,"CHFU","WaraD","hi",1.3,NA,0,-121.903869,36.621243,19.2604166666667,33.5,15.5
"742","WaraD_hi",2015-08-11,"CHFU","WaraD","hi",1.3,NA,0,-121.903869,36.621243,19.53125,32.5,15.5
"743","WaraD_hi",2015-08-12,"CHFU","WaraD","hi",1.3,NA,0,-121.903869,36.621243,19.4270833333333,32.5,13.5
"744","WaraD_hi",2015-08-13,"CHFU","WaraD","hi",1.3,NA,0,-121.903869,36.621243,20.9270833333333,31.5,17.5
"745","WaraD_hi",2015-08-14,"CHFU","WaraD","hi",1.3,NA,0,-121.903869,36.621243,19.9583333333333,30.5,15
"746","WaraD_hi",2015-08-15,"CHFU","WaraD","hi",1.3,NA,0,-121.903869,36.621243,18.3125,26.5,15
"747","WaraD_hi",2015-08-16,"CHFU","WaraD","hi",1.3,NA,0,-121.903869,36.621243,18.21875,25,15
"748","WaraD_hi",2015-08-17,"CHFU","WaraD","hi",1.3,NA,0,-121.903869,36.621243,17.7291666666667,23,15.5
"749","WaraD_hi",2015-08-18,"CHFU","WaraD","hi",1.3,NA,0,-121.903869,36.621243,17.0833333333333,21,15.5
"750","WaraD_hi",2015-08-19,"CHFU","WaraD","hi",1.3,NA,0,-121.903869,36.621243,16.9375,27,14.5
"751","WaraD_hi",2015-08-20,"CHFU","WaraD","hi",1.3,NA,0,-121.903869,36.621243,17.1354166666667,24,16
"752","WaraD_hi",2015-08-21,"CHFU","WaraD","hi",1.3,NA,0,-121.903869,36.621243,16.8958333333333,20.5,16
"753","WaraD_hi",2015-08-22,"CHFU","WaraD","hi",1.3,NA,0,-121.903869,36.621243,17.2604166666667,23.5,16
"754","WaraD_hi",2015-08-23,"CHFU","WaraD","hi",1.3,NA,0,-121.903869,36.621243,18.7291666666667,32,16
"755","WaraD_hi",2015-08-24,"CHFU","WaraD","hi",1.3,NA,0,-121.903869,36.621243,18.9895833333333,33,14.5
"756","WaraD_hi",2015-08-25,"CHFU","WaraD","hi",1.3,NA,0,-121.903869,36.621243,18.9583333333333,32,15
"757","WaraD_hi",2015-08-26,"CHFU","WaraD","hi",1.3,NA,0,-121.903869,36.621243,18.9791666666667,31,15.5
"758","WaraD_hi",2015-08-27,"CHFU","WaraD","hi",1.3,NA,0,-121.903869,36.621243,19.125,32.5,14
"759","WaraD_hi",2015-08-28,"CHFU","WaraD","hi",1.3,NA,0,-121.903869,36.621243,19.2395833333333,32,15
"760","WaraD_hi",2015-08-29,"CHFU","WaraD","hi",1.3,NA,0,-121.903869,36.621243,19.75,30.5,16.5
"761","WaraD_hi",2015-08-30,"CHFU","WaraD","hi",1.3,NA,0,-121.903869,36.621243,18.8958333333333,27.5,15
"762","WaraD_hi",2015-08-31,"CHFU","WaraD","hi",1.3,NA,0,-121.903869,36.621243,17.25,22,14.5
"763","WaraD_hi",2015-09-01,"CHFU","WaraD","hi",1.3,NA,0,-121.903869,36.621243,16.7708333333333,20,16
"764","WaraD_hi",2015-09-02,"CHFU","WaraD","hi",1.3,NA,0,-121.903869,36.621243,17.0625,22,14.5
"765","WaraD_hi",2015-09-03,"CHFU","WaraD","hi",1.3,NA,0,-121.903869,36.621243,16.1666666666667,23,13.5
"766","WaraD_hi",2015-09-04,"CHFU","WaraD","hi",1.3,NA,0,-121.903869,36.621243,15.4479166666667,21.5,12.5
"767","WaraD_hi",2015-09-05,"CHFU","WaraD","hi",1.3,NA,0,-121.903869,36.621243,14.9895833333333,23.5,12
"768","WaraD_hi",2015-09-06,"CHFU","WaraD","hi",1.3,NA,0,-121.903869,36.621243,15.1458333333333,22.5,11.5
"769","WaraD_hi",2015-09-07,"CHFU","WaraD","hi",1.3,NA,0,-121.903869,36.621243,15.5,27.5,11.5
"770","WaraD_hi",2015-09-08,"CHFU","WaraD","hi",1.3,NA,0,-121.903869,36.621243,15.78125,29.5,11.5
"771","WaraD_hi",2015-09-09,"CHFU","WaraD","hi",1.3,NA,0,-121.903869,36.621243,16.2708333333333,29,12
"772","WaraD_hi",2015-09-10,"CHFU","WaraD","hi",1.3,NA,0,-121.903869,36.621243,17.3854166666667,28.5,14.5
"773","WaraD_hi",2015-09-11,"CHFU","WaraD","hi",1.3,NA,0,-121.903869,36.621243,17.4479166666667,28,14.5
"774","WaraD_hi",2015-09-12,"CHFU","WaraD","hi",1.3,NA,0,-121.903869,36.621243,16.1847826086957,18,15.5
"775","WaraD_low",2015-08-01,"CHFU","WaraD","low",0,NA,0,-121.903418,36.621565,15.3529411764706,17,14.5
"776","WaraD_low",2015-08-02,"CHFU","WaraD","low",0,NA,0,-121.903418,36.621565,15.6041666666667,17,15
"777","WaraD_low",2015-08-03,"CHFU","WaraD","low",0,NA,0,-121.903418,36.621565,17.09375,23.5,15.5
"778","WaraD_low",2015-08-04,"CHFU","WaraD","low",0,NA,0,-121.903418,36.621565,17.7916666666667,23.5,15.5
"779","WaraD_low",2015-08-05,"CHFU","WaraD","low",0,NA,0,-121.903418,36.621565,18.34375,25.5,17
"780","WaraD_low",2015-08-06,"CHFU","WaraD","low",0,NA,0,-121.903418,36.621565,17.59375,18,17
"781","WaraD_low",2015-08-07,"CHFU","WaraD","low",0,NA,0,-121.903418,36.621565,17.2708333333333,18,17
"782","WaraD_low",2015-08-08,"CHFU","WaraD","low",0,NA,0,-121.903418,36.621565,17.1666666666667,18,16
"783","WaraD_low",2015-08-09,"CHFU","WaraD","low",0,NA,0,-121.903418,36.621565,16.5833333333333,17.5,14.5
"784","WaraD_low",2015-08-10,"CHFU","WaraD","low",0,NA,0,-121.903418,36.621565,16.78125,17.5,15.5
"785","WaraD_low",2015-08-11,"CHFU","WaraD","low",0,NA,0,-121.903418,36.621565,17.0104166666667,18.5,15.5
"786","WaraD_low",2015-08-12,"CHFU","WaraD","low",0,NA,0,-121.903418,36.621565,16.8333333333333,19,13
"787","WaraD_low",2015-08-13,"CHFU","WaraD","low",0,NA,0,-121.903418,36.621565,17.84375,19.5,17
"788","WaraD_low",2015-08-14,"CHFU","WaraD","low",0,NA,0,-121.903418,36.621565,17.3958333333333,19.5,14.5
"789","WaraD_low",2015-08-15,"CHFU","WaraD","low",0,NA,0,-121.903418,36.621565,16.6875,18,14.5
"790","WaraD_low",2015-08-16,"CHFU","WaraD","low",0,NA,0,-121.903418,36.621565,16.9166666666667,18,15
"791","WaraD_low",2015-08-17,"CHFU","WaraD","low",0,NA,0,-121.903418,36.621565,17.0416666666667,17.5,16
"792","WaraD_low",2015-08-18,"CHFU","WaraD","low",0,NA,0,-121.903418,36.621565,16.4270833333333,17.5,15
"793","WaraD_low",2015-08-19,"CHFU","WaraD","low",0,NA,0,-121.903418,36.621565,15.3229166666667,16.5,14
"794","WaraD_low",2015-08-20,"CHFU","WaraD","low",0,NA,0,-121.903418,36.621565,16.125,16.5,15
"795","WaraD_low",2015-08-21,"CHFU","WaraD","low",0,NA,0,-121.903418,36.621565,16.28125,16.5,16
"796","WaraD_low",2015-08-22,"CHFU","WaraD","low",0,NA,0,-121.903418,36.621565,16.8229166666667,17,16
"797","WaraD_low",2015-08-23,"CHFU","WaraD","low",0,NA,0,-121.903418,36.621565,17.0208333333333,18,16
"798","WaraD_low",2015-08-24,"CHFU","WaraD","low",0,NA,0,-121.903418,36.621565,17.21875,18.5,15
"799","WaraD_low",2015-08-25,"CHFU","WaraD","low",0,NA,0,-121.903418,36.621565,17.2291666666667,18.5,15
"800","WaraD_low",2015-08-26,"CHFU","WaraD","low",0,NA,0,-121.903418,36.621565,17.0520833333333,18,15.5
"801","WaraD_low",2015-08-27,"CHFU","WaraD","low",0,NA,0,-121.903418,36.621565,16.75,19.5,14
"802","WaraD_low",2015-08-28,"CHFU","WaraD","low",0,NA,0,-121.903418,36.621565,17.3020833333333,19.5,14.5
"803","WaraD_low",2015-08-29,"CHFU","WaraD","low",0,NA,0,-121.903418,36.621565,17.9270833333333,19,16.5
"804","WaraD_low",2015-08-30,"CHFU","WaraD","low",0,NA,0,-121.903418,36.621565,17.5520833333333,18.5,15.5
"805","WaraD_low",2015-08-31,"CHFU","WaraD","low",0,NA,0,-121.903418,36.621565,16.3854166666667,18,15
"806","WaraD_low",2015-09-01,"CHFU","WaraD","low",0,NA,0,-121.903418,36.621565,16.3020833333333,17,15
"807","WaraD_low",2015-09-02,"CHFU","WaraD","low",0,NA,0,-121.903418,36.621565,16.6458333333333,17.5,15.5
"808","WaraD_low",2015-09-03,"CHFU","WaraD","low",0,NA,0,-121.903418,36.621565,15.2291666666667,16.5,14
"809","WaraD_low",2015-09-04,"CHFU","WaraD","low",0,NA,0,-121.903418,36.621565,15.1770833333333,17,14
"810","WaraD_low",2015-09-05,"CHFU","WaraD","low",0,NA,0,-121.903418,36.621565,14.78125,15.5,13.5
"811","WaraD_low",2015-09-06,"CHFU","WaraD","low",0,NA,0,-121.903418,36.621565,15.3125,16.5,14
"812","WaraD_low",2015-09-07,"CHFU","WaraD","low",0,NA,0,-121.903418,36.621565,15.3958333333333,16.5,13.5
"813","WaraD_low",2015-09-08,"CHFU","WaraD","low",0,NA,0,-121.903418,36.621565,14.9166666666667,16.5,13
"814","WaraD_low",2015-09-09,"CHFU","WaraD","low",0,NA,0,-121.903418,36.621565,15.4270833333333,17.5,13.5
"815","WaraD_low",2015-09-10,"CHFU","WaraD","low",0,NA,0,-121.903418,36.621565,15.5729166666667,16.5,14.5
"816","WaraD_low",2015-09-11,"CHFU","WaraD","low",0,NA,0,-121.903418,36.621565,16.40625,17.5,15.5
"817","WaraD_low",2015-09-12,"CHFU","WaraD","low",0,NA,0,-121.903418,36.621565,15.8586956521739,16.5,15
"818","WaraD_low2",2015-08-01,"CHFU","WaraD","low2",0.1,NA,0,-121.903418,36.621628,15.8518518518519,16.5,15
"819","WaraD_low2",2015-08-02,"CHFU","WaraD","low2",0.1,NA,0,-121.903418,36.621628,15.4427083333333,17,14.5
"820","WaraD_low2",2015-08-03,"CHFU","WaraD","low2",0.1,NA,0,-121.903418,36.621628,16.8489583333333,21.5,15
"821","WaraD_low2",2015-08-04,"CHFU","WaraD","low2",0.1,NA,0,-121.903418,36.621628,17.6510416666667,24,15.5
"822","WaraD_low2",2015-08-05,"CHFU","WaraD","low2",0.1,NA,0,-121.903418,36.621628,18.0833333333333,23,16.5
"823","WaraD_low2",2015-08-06,"CHFU","WaraD","low2",0.1,NA,0,-121.903418,36.621628,17.6666666666667,18.5,17
"824","WaraD_low2",2015-08-07,"CHFU","WaraD","low2",0.1,NA,0,-121.903418,36.621628,17.21875,18,16.5
"825","WaraD_low2",2015-08-08,"CHFU","WaraD","low2",0.1,NA,0,-121.903418,36.621628,17.1614583333333,18,15.5
"826","WaraD_low2",2015-08-09,"CHFU","WaraD","low2",0.1,NA,0,-121.903418,36.621628,16.5729166666667,17.5,14
"827","WaraD_low2",2015-08-10,"CHFU","WaraD","low2",0.1,NA,0,-121.903418,36.621628,16.8125,18,15.5
"828","WaraD_low2",2015-08-11,"CHFU","WaraD","low2",0.1,NA,0,-121.903418,36.621628,16.96875,18.5,15.5
"829","WaraD_low2",2015-08-12,"CHFU","WaraD","low2",0.1,NA,0,-121.903418,36.621628,16.7604166666667,19,13
"830","WaraD_low2",2015-08-13,"CHFU","WaraD","low2",0.1,NA,0,-121.903418,36.621628,17.6770833333333,19.5,16.5
"831","WaraD_low2",2015-08-14,"CHFU","WaraD","low2",0.1,NA,0,-121.903418,36.621628,17.375,19,14.5
"832","WaraD_low2",2015-08-15,"CHFU","WaraD","low2",0.1,NA,0,-121.903418,36.621628,16.6510416666667,18,14.5
"833","WaraD_low2",2015-08-16,"CHFU","WaraD","low2",0.1,NA,0,-121.903418,36.621628,16.8802083333333,18,15
"834","WaraD_low2",2015-08-17,"CHFU","WaraD","low2",0.1,NA,0,-121.903418,36.621628,17.0104166666667,18,15.5
"835","WaraD_low2",2015-08-18,"CHFU","WaraD","low2",0.1,NA,0,-121.903418,36.621628,16.3177083333333,18,14.5
"836","WaraD_low2",2015-08-19,"CHFU","WaraD","low2",0.1,NA,0,-121.903418,36.621628,15.265625,16.5,14
"837","WaraD_low2",2015-08-20,"CHFU","WaraD","low2",0.1,NA,0,-121.903418,36.621628,16.0052083333333,17,14.5
"838","WaraD_low2",2015-08-21,"CHFU","WaraD","low2",0.1,NA,0,-121.903418,36.621628,16.1979166666667,17,15.5
"839","WaraD_low2",2015-08-22,"CHFU","WaraD","low2",0.1,NA,0,-121.903418,36.621628,16.7239583333333,17.5,16
"840","WaraD_low2",2015-08-23,"CHFU","WaraD","low2",0.1,NA,0,-121.903418,36.621628,16.9114583333333,18,16
"841","WaraD_low2",2015-08-24,"CHFU","WaraD","low2",0.1,NA,0,-121.903418,36.621628,17.2447916666667,18.5,15
"842","WaraD_low2",2015-08-25,"CHFU","WaraD","low2",0.1,NA,0,-121.903418,36.621628,17.1666666666667,18.5,15
"843","WaraD_low2",2015-08-26,"CHFU","WaraD","low2",0.1,NA,0,-121.903418,36.621628,17.0729166666667,18.5,15.5
"844","WaraD_low2",2015-08-27,"CHFU","WaraD","low2",0.1,NA,0,-121.903418,36.621628,16.7864583333333,19.5,14.5
"845","WaraD_low2",2015-08-28,"CHFU","WaraD","low2",0.1,NA,0,-121.903418,36.621628,17.3541666666667,19.5,15
"846","WaraD_low2",2015-08-29,"CHFU","WaraD","low2",0.1,NA,0,-121.903418,36.621628,17.9010416666667,19,16.5
"847","WaraD_low2",2015-08-30,"CHFU","WaraD","low2",0.1,NA,0,-121.903418,36.621628,17.515625,19,15
"848","WaraD_low2",2015-08-31,"CHFU","WaraD","low2",0.1,NA,0,-121.903418,36.621628,16.3697916666667,18,15
"849","WaraD_low2",2015-09-01,"CHFU","WaraD","low2",0.1,NA,0,-121.903418,36.621628,16.3125,17,15
"850","WaraD_low2",2015-09-02,"CHFU","WaraD","low2",0.1,NA,0,-121.903418,36.621628,16.5989583333333,17.5,15
"851","WaraD_low2",2015-09-03,"CHFU","WaraD","low2",0.1,NA,0,-121.903418,36.621628,15.1666666666667,17,14
"852","WaraD_low2",2015-09-04,"CHFU","WaraD","low2",0.1,NA,0,-121.903418,36.621628,15.21875,17,13.5
"853","WaraD_low2",2015-09-05,"CHFU","WaraD","low2",0.1,NA,0,-121.903418,36.621628,14.8229166666667,16,13.5
"854","WaraD_low2",2015-09-06,"CHFU","WaraD","low2",0.1,NA,0,-121.903418,36.621628,15.3333333333333,16.5,14
"855","WaraD_low2",2015-09-07,"CHFU","WaraD","low2",0.1,NA,0,-121.903418,36.621628,15.4791666666667,17,13.5
"856","WaraD_low2",2015-09-08,"CHFU","WaraD","low2",0.1,NA,0,-121.903418,36.621628,14.9166666666667,17,13.5
"857","WaraD_low2",2015-09-09,"CHFU","WaraD","low2",0.1,NA,0,-121.903418,36.621628,15.5052083333333,18,13.5
"858","WaraD_low2",2015-09-10,"CHFU","WaraD","low2",0.1,NA,0,-121.903418,36.621628,15.5520833333333,17,14
"859","WaraD_low2",2015-09-11,"CHFU","WaraD","low2",0.1,NA,0,-121.903418,36.621628,16.3645833333333,17.5,15.5
"860","WaraD_low2",2015-09-12,"CHFU","WaraD","low2",0.1,NA,0,-121.903418,36.621628,15.8260869565217,17,15
"861","WaraD_mid",2015-08-01,"CHFU","WaraD","mid",0.3,NA,0,-121.903638,36.621442,15.2647058823529,17,14
"862","WaraD_mid",2015-08-02,"CHFU","WaraD","mid",0.3,NA,0,-121.903638,36.621442,15.625,18,14.5
"863","WaraD_mid",2015-08-03,"CHFU","WaraD","mid",0.3,NA,0,-121.903638,36.621442,17.21875,25.5,15
"864","WaraD_mid",2015-08-04,"CHFU","WaraD","mid",0.3,NA,0,-121.903638,36.621442,17.9114583333333,25.5,16
"865","WaraD_mid",2015-08-05,"CHFU","WaraD","mid",0.3,NA,0,-121.903638,36.621442,18.171875,23.5,16.5
"866","WaraD_mid",2015-08-06,"CHFU","WaraD","mid",0.3,NA,0,-121.903638,36.621442,17.609375,18.5,17
"867","WaraD_mid",2015-08-07,"CHFU","WaraD","mid",0.3,NA,0,-121.903638,36.621442,17.296875,18,16.5
"868","WaraD_mid",2015-08-08,"CHFU","WaraD","mid",0.3,NA,0,-121.903638,36.621442,17.1770833333333,18.5,15.5
"869","WaraD_mid",2015-08-09,"CHFU","WaraD","mid",0.3,NA,0,-121.903638,36.621442,16.53125,18,14
"870","WaraD_mid",2015-08-10,"CHFU","WaraD","mid",0.3,NA,0,-121.903638,36.621442,16.8489583333333,18.5,15.5
"871","WaraD_mid",2015-08-11,"CHFU","WaraD","mid",0.3,NA,0,-121.903638,36.621442,16.96875,19.5,15.5
"872","WaraD_mid",2015-08-12,"CHFU","WaraD","mid",0.3,NA,0,-121.903638,36.621442,16.8020833333333,20.5,12.5
"873","WaraD_mid",2015-08-13,"CHFU","WaraD","mid",0.3,NA,0,-121.903638,36.621442,17.9583333333333,20,16.5
"874","WaraD_mid",2015-08-14,"CHFU","WaraD","mid",0.3,NA,0,-121.903638,36.621442,17.3489583333333,19.5,14
"875","WaraD_mid",2015-08-15,"CHFU","WaraD","mid",0.3,NA,0,-121.903638,36.621442,16.6875,18.5,14
"876","WaraD_mid",2015-08-16,"CHFU","WaraD","mid",0.3,NA,0,-121.903638,36.621442,16.90625,18,15
"877","WaraD_mid",2015-08-17,"CHFU","WaraD","mid",0.3,NA,0,-121.903638,36.621442,16.9270833333333,18,16
"878","WaraD_mid",2015-08-18,"CHFU","WaraD","mid",0.3,NA,0,-121.903638,36.621442,16.2916666666667,18,14.5
"879","WaraD_mid",2015-08-19,"CHFU","WaraD","mid",0.3,NA,0,-121.903638,36.621442,15.2916666666667,16.5,14
"880","WaraD_mid",2015-08-20,"CHFU","WaraD","mid",0.3,NA,0,-121.903638,36.621442,15.984375,17,14.5
"881","WaraD_mid",2015-08-21,"CHFU","WaraD","mid",0.3,NA,0,-121.903638,36.621442,16.140625,16.5,15.5
"882","WaraD_mid",2015-08-22,"CHFU","WaraD","mid",0.3,NA,0,-121.903638,36.621442,16.6614583333333,17.5,16
"883","WaraD_mid",2015-08-23,"CHFU","WaraD","mid",0.3,NA,0,-121.903638,36.621442,16.859375,18,16
"884","WaraD_mid",2015-08-24,"CHFU","WaraD","mid",0.3,NA,0,-121.903638,36.621442,17.2291666666667,18.5,15.5
"885","WaraD_mid",2015-08-25,"CHFU","WaraD","mid",0.3,NA,0,-121.903638,36.621442,17.1302083333333,19,14.5
"886","WaraD_mid",2015-08-26,"CHFU","WaraD","mid",0.3,NA,0,-121.903638,36.621442,17.03125,19,15.5
"887","WaraD_mid",2015-08-27,"CHFU","WaraD","mid",0.3,NA,0,-121.903638,36.621442,16.734375,20,13.5
"888","WaraD_mid",2015-08-28,"CHFU","WaraD","mid",0.3,NA,0,-121.903638,36.621442,17.25,20.5,14
"889","WaraD_mid",2015-08-29,"CHFU","WaraD","mid",0.3,NA,0,-121.903638,36.621442,17.859375,20,16
"890","WaraD_mid",2015-08-30,"CHFU","WaraD","mid",0.3,NA,0,-121.903638,36.621442,17.4947916666667,19,15
"891","WaraD_mid",2015-08-31,"CHFU","WaraD","mid",0.3,NA,0,-121.903638,36.621442,16.390625,18.5,14.5
"892","WaraD_mid",2015-09-01,"CHFU","WaraD","mid",0.3,NA,0,-121.903638,36.621442,16.1875,17,15
"893","WaraD_mid",2015-09-02,"CHFU","WaraD","mid",0.3,NA,0,-121.903638,36.621442,16.5625,17.5,15
"894","WaraD_mid",2015-09-03,"CHFU","WaraD","mid",0.3,NA,0,-121.903638,36.621442,15.140625,17,14
"895","WaraD_mid",2015-09-04,"CHFU","WaraD","mid",0.3,NA,0,-121.903638,36.621442,15.1145833333333,17,13.5
"896","WaraD_mid",2015-09-05,"CHFU","WaraD","mid",0.3,NA,0,-121.903638,36.621442,14.7916666666667,16,14
"897","WaraD_mid",2015-09-06,"CHFU","WaraD","mid",0.3,NA,0,-121.903638,36.621442,15.3125,16.5,14
"898","WaraD_mid",2015-09-07,"CHFU","WaraD","mid",0.3,NA,0,-121.903638,36.621442,15.34375,16.5,13.5
"899","WaraD_mid",2015-09-08,"CHFU","WaraD","mid",0.3,NA,0,-121.903638,36.621442,14.8177083333333,16.5,13
"900","WaraD_mid",2015-09-09,"CHFU","WaraD","mid",0.3,NA,0,-121.903638,36.621442,15.34375,18,13.5
"901","WaraD_mid",2015-09-10,"CHFU","WaraD","mid",0.3,NA,0,-121.903638,36.621442,15.5104166666667,17,14
"902","WaraD_mid",2015-09-11,"CHFU","WaraD","mid",0.3,NA,0,-121.903638,36.621442,16.3333333333333,17.5,15
"903","WaraD_mid",2015-09-12,"CHFU","WaraD","mid",0.3,NA,0,-121.903638,36.621442,15.6902173913043,17,15
"904","WaraD_mid2",2015-08-01,"CHFU","WaraD","mid2",0.7,220,10,-121.903519,36.621494,16.5384615384615,22,15
"905","WaraD_mid2",2015-08-02,"CHFU","WaraD","mid2",0.7,220,10,-121.903519,36.621494,15.7604166666667,21,14.5
"906","WaraD_mid2",2015-08-03,"CHFU","WaraD","mid2",0.7,220,10,-121.903519,36.621494,17.25,25,15.5
"907","WaraD_mid2",2015-08-04,"CHFU","WaraD","mid2",0.7,220,10,-121.903519,36.621494,17.4270833333333,24,15
"908","WaraD_mid2",2015-08-05,"CHFU","WaraD","mid2",0.7,220,10,-121.903519,36.621494,17.8854166666667,27.5,15
"909","WaraD_mid2",2015-08-06,"CHFU","WaraD","mid2",0.7,220,10,-121.903519,36.621494,17.28125,18,16
"910","WaraD_mid2",2015-08-07,"CHFU","WaraD","mid2",0.7,220,10,-121.903519,36.621494,17.3958333333333,24.5,16
"911","WaraD_mid2",2015-08-08,"CHFU","WaraD","mid2",0.7,220,10,-121.903519,36.621494,16.9166666666667,18.5,15
"912","WaraD_mid2",2015-08-09,"CHFU","WaraD","mid2",0.7,220,10,-121.903519,36.621494,16.34375,17.5,14
"913","WaraD_mid2",2015-08-10,"CHFU","WaraD","mid2",0.7,220,10,-121.903519,36.621494,16.59375,18,15
"914","WaraD_mid2",2015-08-11,"CHFU","WaraD","mid2",0.7,220,10,-121.903519,36.621494,16.8229166666667,19.5,15
"915","WaraD_mid2",2015-08-12,"CHFU","WaraD","mid2",0.7,220,10,-121.903519,36.621494,16.6145833333333,23,13
"916","WaraD_mid2",2015-08-13,"CHFU","WaraD","mid2",0.7,220,10,-121.903519,36.621494,18.3020833333333,26,17
"917","WaraD_mid2",2015-08-14,"CHFU","WaraD","mid2",0.7,220,10,-121.903519,36.621494,17.4583333333333,22.5,14
"918","WaraD_mid2",2015-08-15,"CHFU","WaraD","mid2",0.7,220,10,-121.903519,36.621494,16.5416666666667,19.5,14
"919","WaraD_mid2",2015-08-16,"CHFU","WaraD","mid2",0.7,220,10,-121.903519,36.621494,16.8020833333333,19.5,15
"920","WaraD_mid2",2015-08-17,"CHFU","WaraD","mid2",0.7,220,10,-121.903519,36.621494,16.8333333333333,18.5,15.5
"921","WaraD_mid2",2015-08-18,"CHFU","WaraD","mid2",0.7,220,10,-121.903519,36.621494,16.1666666666667,18.5,15
"922","WaraD_mid2",2015-08-19,"CHFU","WaraD","mid2",0.7,220,10,-121.903519,36.621494,15.5208333333333,21.5,14
"923","WaraD_mid2",2015-08-20,"CHFU","WaraD","mid2",0.7,220,10,-121.903519,36.621494,16.0208333333333,17.5,15
"924","WaraD_mid2",2015-08-21,"CHFU","WaraD","mid2",0.7,220,10,-121.903519,36.621494,16.0208333333333,16.5,15.5
"925","WaraD_mid2",2015-08-22,"CHFU","WaraD","mid2",0.7,220,10,-121.903519,36.621494,16.4583333333333,17,16
"926","WaraD_mid2",2015-08-23,"CHFU","WaraD","mid2",0.7,220,10,-121.903519,36.621494,16.7395833333333,18,15.5
"927","WaraD_mid2",2015-08-24,"CHFU","WaraD","mid2",0.7,220,10,-121.903519,36.621494,16.8229166666667,18.5,14
"928","WaraD_mid2",2015-08-25,"CHFU","WaraD","mid2",0.7,220,10,-121.903519,36.621494,16.8541666666667,18.5,15
"929","WaraD_mid2",2015-08-26,"CHFU","WaraD","mid2",0.7,220,10,-121.903519,36.621494,16.8645833333333,18.5,15.5
"930","WaraD_mid2",2015-08-27,"CHFU","WaraD","mid2",0.7,220,10,-121.903519,36.621494,16.6770833333333,22.5,14
"931","WaraD_mid2",2015-08-28,"CHFU","WaraD","mid2",0.7,220,10,-121.903519,36.621494,17.90625,28.5,14.5
"932","WaraD_mid2",2015-08-29,"CHFU","WaraD","mid2",0.7,220,10,-121.903519,36.621494,18.4583333333333,27,16.5
"933","WaraD_mid2",2015-08-30,"CHFU","WaraD","mid2",0.7,220,10,-121.903519,36.621494,17.7291666666667,23,15
"934","WaraD_mid2",2015-08-31,"CHFU","WaraD","mid2",0.7,220,10,-121.903519,36.621494,16.5520833333333,21,14.5
"935","WaraD_mid2",2015-09-01,"CHFU","WaraD","mid2",0.7,220,10,-121.903519,36.621494,16.2604166666667,18.5,15
"936","WaraD_mid2",2015-09-02,"CHFU","WaraD","mid2",0.7,220,10,-121.903519,36.621494,16.3125,18.5,14.5
"937","WaraD_mid2",2015-09-03,"CHFU","WaraD","mid2",0.7,220,10,-121.903519,36.621494,15.15625,16.5,14
"938","WaraD_mid2",2015-09-04,"CHFU","WaraD","mid2",0.7,220,10,-121.903519,36.621494,15.0520833333333,20,14
"939","WaraD_mid2",2015-09-05,"CHFU","WaraD","mid2",0.7,220,10,-121.903519,36.621494,14.40625,15.5,13
"940","WaraD_mid2",2015-09-06,"CHFU","WaraD","mid2",0.7,220,10,-121.903519,36.621494,15.3541666666667,21.5,13
"941","WaraD_mid2",2015-09-07,"CHFU","WaraD","mid2",0.7,220,10,-121.903519,36.621494,14.9270833333333,16.5,12.5
"942","WaraD_mid2",2015-09-08,"CHFU","WaraD","mid2",0.7,220,10,-121.903519,36.621494,14.5416666666667,16.5,12
"943","WaraD_mid2",2015-09-09,"CHFU","WaraD","mid2",0.7,220,10,-121.903519,36.621494,14.8541666666667,17.5,12.5
"944","WaraD_mid2",2015-09-10,"CHFU","WaraD","mid2",0.7,220,10,-121.903519,36.621494,15.3854166666667,16.5,14.5
"945","WaraD_mid2",2015-09-11,"CHFU","WaraD","mid2",0.7,220,10,-121.903519,36.621494,16.0729166666667,18,15
"946","WaraD_mid2",2015-09-12,"CHFU","WaraD","mid2",0.7,220,10,-121.903519,36.621494,15.5652173913043,16.5,15
